pipe_id,inlet_node,outlet_node,is_supply,is_aerial,length,d_int,t_int,t_ins,t_ext,lambda_ins,roughness
P0s,V0s,V1s,True,False,5.1116,0.263,0.005,0.107,0.0065,0.027,0.045
P1s,V1s,V2s,True,False,55.4712,0.1603,0.004,0.068,0.00535,0.026,0.045
P2s,V2s,V3s,True,False,0.8918,0.1603,0.004,0.068,0.00535,0.026,0.045
P3s,V3s,V4s,True,False,2.0717,0.1071,0.0036,0.064,0.00385,0.026,0.045
P4s,V4s,V5s,True,False,65.1147,0.0825,0.0032,0.052,0.00355,0.026,0.045
P5s,V5s,V6s,True,False,43.4233,0.0703,0.0029,0.049,0.00295,0.026,0.045
P6s,V6s,V7s,True,False,8.4549,0.0703,0.0029,0.049,0.00295,0.026,0.045
P7s,V7s,V8s,True,False,8.8258,0.0703,0.0029,0.049,0.00295,0.026,0.045
P8s,V8s,V9s,True,False,42.6789,0.0431,0.0026,0.043,0.00285,0.026,0.045
P9s,V9s,V10s,True,False,18.7971,0.0431,0.0026,0.043,0.00285,0.026,0.045
P10s,V10s,V11s,True,False,50.0326,0.0431,0.0026,0.043,0.00285,0.026,0.045
P11s,V11s,V12s,True,False,12.9061,0.0431,0.0026,0.043,0.00285,0.026,0.045
P12s,V12s,V13s,True,False,7.9136,0.0431,0.0026,0.043,0.00285,0.026,0.045
P13s,V13s,V14s,True,True,6.7866,0.0431,0.0026,0.043,0.00285,0.026,0.045
P14s,V14s,V15s,True,True,3.4093,0.0431,0.0026,0.043,0.00285,0.026,0.045
P15s,V12s,V16s,True,False,0.8157,0.0372,0.0026,0.046,0.0028,0.026,0.045
P16s,V16s,V17s,True,False,6.8262,0.0372,0.0026,0.046,0.0028,0.026,0.045
P17s,V17s,V18s,True,False,17.7037,0.0285,0.0026,0.043,0.00265,0.026,0.045
P18s,V8s,V19s,True,False,3.2202,0.0703,0.0029,0.049,0.00295,0.026,0.045
P19s,V19s,V20s,True,False,8.7315,0.0703,0.0029,0.049,0.00295,0.026,0.045
P20s,V20s,V21s,True,False,25.7075,0.0703,0.0029,0.049,0.00295,0.026,0.045
P21s,V21s,V22s,True,False,27.4818,0.0703,0.0029,0.049,0.00295,0.026,0.045
P22s,V22s,V23s,True,False,0.6447,0.0703,0.0029,0.049,0.00295,0.026,0.045
P23s,V23s,V24s,True,False,48.7341,0.0545,0.0029,0.047,0.00285,0.026,0.045
P24s,V24s,V25s,True,False,32.1516,0.0545,0.0029,0.047,0.00285,0.026,0.045
P25s,V25s,V26s,True,False,17.1448,0.0545,0.0029,0.047,0.00285,0.026,0.045
P26s,V26s,V27s,True,False,0.4699,0.0431,0.0026,0.043,0.00285,0.026,0.045
P27s,V27s,V28s,True,False,1.7498,0.0372,0.0026,0.046,0.0028,0.026,0.045
P28s,V25s,V29s,True,False,1.051,0.0431,0.0026,0.043,0.00285,0.026,0.045
P29s,V29s,V30s,True,False,1.8058,0.0372,0.0026,0.046,0.0028,0.026,0.045
P30s,V30s,V31s,True,True,0.6975,0.0372,0.0026,0.046,0.0028,0.026,0.045
P31s,V31s,V32s,True,True,0.1376,0.0372,0.0026,0.046,0.0028,0.026,0.045
P32s,V5s,V33s,True,False,0.5398,0.0825,0.0032,0.052,0.00355,0.026,0.045
P33s,V33s,V34s,True,False,5.4838,0.0703,0.0029,0.049,0.00295,0.026,0.045
P34s,V34s,V35s,True,False,2.2447,0.0703,0.0029,0.049,0.00295,0.026,0.045
P35s,V35s,V36s,True,False,81.5562,0.0703,0.0029,0.049,0.00295,0.026,0.045
P36s,V36s,V37s,True,False,63.7125,0.0545,0.0029,0.047,0.00285,0.026,0.045
P37s,V37s,V38s,True,False,54.8002,0.0545,0.0029,0.047,0.00285,0.026,0.045
P38s,V1s,V39s,True,False,55.7123,0.2101,0.0045,0.084,0.00645,0.027,0.045
P39s,V39s,V40s,True,False,50.6965,0.2101,0.0045,0.084,0.00645,0.027,0.045
P40s,V40s,V41s,True,False,13.7682,0.2101,0.0045,0.084,0.00645,0.027,0.045
P41s,V41s,V42s,True,False,46.1667,0.2101,0.0045,0.084,0.00645,0.027,0.045
P42s,V42s,V43s,True,False,4.1004,0.0285,0.0026,0.043,0.00265,0.026,0.045
P43s,V43s,V44s,True,False,5.577,0.0285,0.0026,0.043,0.00265,0.026,0.045
P44s,V42s,V45s,True,False,91.9127,0.2101,0.0045,0.084,0.00645,0.027,0.045
P45s,V45s,V46s,True,False,13.1069,0.2101,0.0045,0.084,0.00645,0.027,0.045
P46s,V46s,V47s,True,False,30.3569,0.2101,0.0045,0.084,0.00645,0.027,0.045
P47s,V47s,V48s,True,False,14.2292,0.2101,0.0045,0.084,0.00645,0.027,0.045
P48s,V48s,V49s,True,False,42.0541,0.2101,0.0045,0.084,0.00645,0.027,0.045
P49s,V49s,V50s,True,False,64.4701,0.2101,0.0045,0.084,0.00645,0.027,0.045
P50s,V50s,V51s,True,False,21.2344,0.2101,0.0045,0.084,0.00645,0.027,0.045
P51s,V51s,V52s,True,False,20.3124,0.2101,0.0045,0.084,0.00645,0.027,0.045
P52s,V52s,V53s,True,False,28.5253,0.2101,0.0045,0.084,0.00645,0.027,0.045
P53s,V53s,V54s,True,False,6.4235,0.2101,0.0045,0.084,0.00645,0.027,0.045
P54s,V54s,V55s,True,False,11.8848,0.2101,0.0045,0.084,0.00645,0.027,0.045
P55s,V55s,V56s,True,False,27.6104,0.2101,0.0045,0.084,0.00645,0.027,0.045
P56s,V56s,V57s,True,False,34.5063,0.0825,0.0032,0.052,0.00355,0.026,0.045
P57s,V57s,V58s,True,False,12.3613,0.0703,0.0029,0.049,0.00295,0.026,0.045
P58s,V58s,V59s,True,False,10.7721,0.0703,0.0029,0.049,0.00295,0.026,0.045
P59s,V59s,V60s,True,False,17.7095,0.0703,0.0029,0.049,0.00295,0.026,0.045
P60s,V60s,V61s,True,False,34.5356,0.0545,0.0029,0.047,0.00285,0.026,0.045
P61s,V61s,V62s,True,False,3.7097,0.0545,0.0029,0.047,0.00285,0.026,0.045
P62s,V62s,V63s,True,False,11.9627,0.0431,0.0026,0.043,0.00285,0.026,0.045
P63s,V63s,V64s,True,False,29.9318,0.0372,0.0026,0.046,0.0028,0.026,0.045
P64s,V61s,V65s,True,False,2.459,0.0372,0.0026,0.046,0.0028,0.026,0.045
P65s,V65s,V66s,True,False,3.4852,0.0372,0.0026,0.046,0.0028,0.026,0.045
P66s,V66s,V67s,True,False,0.575,0.0372,0.0026,0.046,0.0028,0.026,0.045
P67s,V66s,V68s,True,False,1.8575,0.0372,0.0026,0.046,0.0028,0.026,0.045
P68s,V57s,V69s,True,False,63.1426,0.0825,0.0032,0.052,0.00355,0.026,0.045
P69s,V69s,V70s,True,False,23.344,0.0545,0.0029,0.047,0.00285,0.026,0.045
P70s,V70s,V71s,True,False,0.1876,0.0545,0.0029,0.047,0.00285,0.026,0.045
P71s,V71s,V72s,True,False,4.8514,0.0703,0.0029,0.049,0.00295,0.026,0.045
P72s,V72s,V73s,True,False,56.1053,0.0703,0.0029,0.049,0.00295,0.026,0.045
P73s,V73s,V74s,True,False,14.4709,0.0703,0.0029,0.049,0.00295,0.026,0.045
P74s,V74s,V75s,True,False,27.1715,0.0545,0.0029,0.047,0.00285,0.026,0.045
P75s,V73s,V76s,True,False,9.3775,0.0372,0.0026,0.046,0.0028,0.026,0.045
P76s,V76s,V77s,True,False,22.4277,0.0372,0.0026,0.046,0.0028,0.026,0.045
P77s,V69s,V78s,True,False,48.8406,0.0825,0.0032,0.052,0.00355,0.026,0.045
P78s,V78s,V79s,True,False,3.8033,0.1071,0.0036,0.064,0.00385,0.026,0.045
P79s,V79s,V80s,True,False,8.8438,0.1071,0.0036,0.064,0.00385,0.026,0.045
P80s,V80s,V81s,True,False,32.5935,0.1071,0.0036,0.064,0.00385,0.026,0.045
P81s,V81s,V82s,True,False,27.0058,0.0372,0.0026,0.046,0.0028,0.026,0.045
P82s,V81s,V83s,True,False,13.549,0.1071,0.0036,0.064,0.00385,0.026,0.045
P83s,V83s,V84s,True,False,11.7653,0.0431,0.0026,0.043,0.00285,0.026,0.045
P84s,V84s,V85s,True,False,0.0801,0.0431,0.0026,0.043,0.00285,0.026,0.045
P85s,V85s,V86s,True,False,27.851,0.0545,0.0029,0.047,0.00285,0.026,0.045
P86s,V83s,V87s,True,False,44.5803,0.1071,0.0036,0.064,0.00385,0.026,0.045
P87s,V87s,V88s,True,False,15.507,0.1603,0.004,0.068,0.00535,0.026,0.045
P88s,V88s,V89s,True,False,40.786,0.2101,0.0045,0.084,0.00645,0.027,0.045
P89s,V89s,V90s,True,False,18.1687,0.2101,0.0045,0.084,0.00645,0.027,0.045
P90s,V90s,V91s,True,False,39.7531,0.2101,0.0045,0.084,0.00645,0.027,0.045
P91s,V91s,V92s,True,False,11.0688,0.2101,0.0045,0.084,0.00645,0.027,0.045
P92s,V92s,V93s,True,False,19.1068,0.2101,0.0045,0.084,0.00645,0.027,0.045
P93s,V93s,V94s,True,False,10.3096,0.2101,0.0045,0.084,0.00645,0.027,0.045
P94s,V94s,V95s,True,False,50.5543,0.2101,0.0045,0.084,0.00645,0.027,0.045
P95s,V95s,V96s,True,False,6.2246,0.2101,0.0045,0.084,0.00645,0.027,0.045
P96s,V96s,V97s,True,False,4.8074,0.0825,0.0032,0.052,0.00355,0.026,0.045
P97s,V97s,V98s,True,False,19.9261,0.0825,0.0032,0.052,0.00355,0.026,0.045
P98s,V98s,V99s,True,False,0.6999,0.0825,0.0032,0.052,0.00355,0.026,0.045
P99s,V99s,V100s,True,False,0.7699,0.0703,0.0029,0.049,0.00295,0.026,0.045
P100s,V100s,V101s,True,False,38.8992,0.0703,0.0029,0.049,0.00295,0.026,0.045
P101s,V98s,V102s,True,False,3.1288,0.0545,0.0029,0.047,0.00285,0.026,0.045
P102s,V102s,V103s,True,False,12.4405,0.0545,0.0029,0.047,0.00285,0.026,0.045
P103s,V96s,V104s,True,False,9.1264,0.2101,0.0045,0.084,0.00645,0.027,0.045
P104s,V104s,V105s,True,False,74.1344,0.2101,0.0045,0.084,0.00645,0.027,0.045
P105s,V105s,V106s,True,False,47.4621,0.2101,0.0045,0.084,0.00645,0.027,0.045
P106s,V106s,V107s,True,False,3.6671,0.2101,0.0045,0.084,0.00645,0.027,0.045
P107s,V107s,V108s,True,False,31.5217,0.2101,0.0045,0.084,0.00645,0.027,0.045
P108s,V108s,V109s,True,False,34.3544,0.2101,0.0045,0.084,0.00645,0.027,0.045
P109s,V109s,V110s,True,False,20.6245,0.0545,0.0029,0.047,0.00285,0.026,0.045
P110s,V110s,V111s,True,False,2.06,0.0545,0.0029,0.047,0.00285,0.026,0.045
P111s,V110s,V112s,True,False,1.93,0.0545,0.0029,0.047,0.00285,0.026,0.045
P112s,V109s,V113s,True,False,17.037,0.2101,0.0045,0.084,0.00645,0.027,0.045
P113s,V113s,V114s,True,False,8.1886,0.2101,0.0045,0.084,0.00645,0.027,0.045
P114s,V114s,V115s,True,False,22.5794,0.2101,0.0045,0.084,0.00645,0.027,0.045
P115s,V115s,V116s,True,False,4.8645,0.2101,0.0045,0.084,0.00645,0.027,0.045
P116s,V116s,V117s,True,False,10.0506,0.0545,0.0029,0.047,0.00285,0.026,0.045
P117s,V117s,V118s,True,True,16.939,0.0545,0.0029,0.047,0.00285,0.026,0.045
P118s,V118s,V119s,True,False,8.6255,0.0545,0.0029,0.047,0.00285,0.026,0.045
P119s,V119s,V120s,True,True,15.322,0.0545,0.0029,0.047,0.00285,0.026,0.045
P120s,V116s,V121s,True,False,11.9255,0.2101,0.0045,0.084,0.00645,0.027,0.045
P121s,V121s,V122s,True,False,27.4901,0.2101,0.0045,0.084,0.00645,0.027,0.045
P122s,V122s,V123s,True,False,1.2432,0.2101,0.0045,0.084,0.00645,0.027,0.045
P123s,V123s,V124s,True,False,32.6738,0.1603,0.004,0.068,0.00535,0.026,0.045
P124s,V124s,V125s,True,False,24.6363,0.1603,0.004,0.068,0.00535,0.026,0.045
P125s,V125s,V126s,True,False,0.825,0.1603,0.004,0.068,0.00535,0.026,0.045
P126s,V126s,V127s,True,False,25.0336,0.1325,0.0036,0.066,0.00415,0.026,0.045
P127s,V127s,V128s,True,False,27.052,0.0372,0.0026,0.046,0.0028,0.026,0.045
P128s,V128s,V129s,True,False,11.9161,0.0372,0.0026,0.046,0.0028,0.026,0.045
P129s,V129s,V130s,True,False,4.6043,0.0372,0.0026,0.046,0.0028,0.026,0.045
P130s,V127s,V131s,True,False,17.6375,0.1325,0.0036,0.066,0.00415,0.026,0.045
P131s,V131s,V132s,True,False,10.3104,0.1325,0.0036,0.066,0.00415,0.026,0.045
P132s,V132s,V133s,True,False,16.1822,0.0431,0.0026,0.043,0.00285,0.026,0.045
P133s,V133s,V134s,True,False,13.7201,0.0431,0.0026,0.043,0.00285,0.026,0.045
P134s,V134s,V135s,True,False,8.6595,0.0431,0.0026,0.043,0.00285,0.026,0.045
P135s,V135s,V136s,True,False,1.7413,0.0431,0.0026,0.043,0.00285,0.026,0.045
P136s,V136s,V137s,True,False,0.1885,0.0372,0.0026,0.046,0.0028,0.026,0.045
P137s,V137s,V138s,True,False,13.7085,0.0372,0.0026,0.046,0.0028,0.026,0.045
P138s,V138s,V139s,True,False,1.32,0.0372,0.0026,0.046,0.0028,0.026,0.045
P139s,V139s,V140s,True,True,0.92,0.0372,0.0026,0.046,0.0028,0.026,0.045
P140s,V139s,V141s,True,True,5.29,0.0372,0.0026,0.046,0.0028,0.026,0.045
P141s,V135s,V142s,True,False,4.309,0.0372,0.0026,0.046,0.0028,0.026,0.045
P142s,V132s,V143s,True,False,36.0338,0.1325,0.0036,0.066,0.00415,0.026,0.045
P143s,V143s,V144s,True,False,8.1625,0.1325,0.0036,0.066,0.00415,0.026,0.045
P144s,V144s,V145s,True,False,53.9683,0.0285,0.0026,0.043,0.00265,0.026,0.045
P145s,V145s,V146s,True,False,23.107,0.0285,0.0026,0.043,0.00265,0.026,0.045
P146s,V146s,V147s,True,False,59.7202,0.1325,0.0036,0.066,0.00415,0.026,0.045
P147s,V147s,V148s,True,False,0.8355,0.1603,0.004,0.068,0.00535,0.026,0.045
P148s,V148s,V149s,True,False,11.4926,0.1603,0.004,0.068,0.00535,0.026,0.045
P149s,V149s,V150s,True,False,4.0314,0.1603,0.004,0.068,0.00535,0.026,0.045
P150s,V150s,V151s,True,False,24.4597,0.1603,0.004,0.068,0.00535,0.026,0.045
P151s,V151s,V152s,True,False,4.7246,0.1603,0.004,0.068,0.00535,0.026,0.045
P152s,V152s,V153s,True,False,26.6636,0.1603,0.004,0.068,0.00535,0.026,0.045
P153s,V153s,V154s,True,False,13.5587,0.1603,0.004,0.068,0.00535,0.026,0.045
P154s,V154s,V155s,True,False,1.1382,0.1071,0.0036,0.064,0.00385,0.026,0.045
P155s,V155s,V156s,True,False,22.7819,0.0825,0.0032,0.052,0.00355,0.026,0.045
P156s,V156s,V157s,True,False,37.2572,0.0703,0.0029,0.049,0.00295,0.026,0.045
P157s,V157s,V158s,True,False,2.4369,0.0431,0.0026,0.043,0.00285,0.026,0.045
P158s,V157s,V159s,True,False,15.3007,0.0703,0.0029,0.049,0.00295,0.026,0.045
P159s,V159s,V160s,True,False,1.9488,0.0372,0.0026,0.046,0.0028,0.026,0.045
P160s,V160s,V161s,True,True,14.9935,0.0372,0.0026,0.046,0.0028,0.026,0.045
P161s,V154s,V162s,True,False,8.5572,0.1603,0.004,0.068,0.00535,0.026,0.045
P162s,V162s,V163s,True,True,15.0508,0.1325,0.0036,0.066,0.00415,0.026,0.045
P163s,V163s,V164s,True,True,54.2016,0.1325,0.0036,0.066,0.00415,0.026,0.045
P164s,V164s,V165s,True,True,2.8497,0.1325,0.0036,0.066,0.00415,0.026,0.045
P165s,V165s,V166s,True,True,1.4998,0.1325,0.0036,0.066,0.00415,0.026,0.045
P166s,V166s,V167s,True,False,92.0967,0.1325,0.0036,0.066,0.00415,0.026,0.045
P167s,V167s,V168s,True,False,28.7919,0.1325,0.0036,0.066,0.00415,0.026,0.045
P168s,V168s,V169s,True,False,4.6334,0.1325,0.0036,0.066,0.00415,0.026,0.045
P169s,V169s,V170s,True,False,29.7925,0.1325,0.0036,0.066,0.00415,0.026,0.045
P170s,V170s,V171s,True,False,17.0336,0.1325,0.0036,0.066,0.00415,0.026,0.045
P171s,V171s,V172s,True,False,19.5706,0.0372,0.0026,0.046,0.0028,0.026,0.045
P172s,V171s,V173s,True,False,11.7554,0.1325,0.0036,0.066,0.00415,0.026,0.045
P173s,V173s,V174s,True,False,18.2165,0.1325,0.0036,0.066,0.00415,0.026,0.045
P174s,V174s,V175s,True,False,4.2271,0.1325,0.0036,0.066,0.00415,0.026,0.045
P175s,V175s,V176s,True,False,1.5971,0.1603,0.004,0.068,0.00535,0.026,0.045
P176s,V176s,V177s,True,False,11.1962,0.1603,0.004,0.068,0.00535,0.026,0.045
P177s,V177s,V178s,True,False,23.5699,0.0703,0.0029,0.049,0.00295,0.026,0.045
P178s,V178s,V179s,True,False,0.6499,0.0703,0.0029,0.049,0.00295,0.026,0.045
P179s,V179s,V180s,True,False,31.6016,0.0372,0.0026,0.046,0.0028,0.026,0.045
P180s,V177s,V181s,True,False,73.4795,0.1603,0.004,0.068,0.00535,0.026,0.045
P181s,V181s,V182s,True,False,32.4094,0.1603,0.004,0.068,0.00535,0.026,0.045
P182s,V182s,V183s,True,False,61.8993,0.1603,0.004,0.068,0.00535,0.026,0.045
P183s,V183s,V184s,True,False,47.5244,0.1603,0.004,0.068,0.00535,0.026,0.045
P184s,V184s,V185s,True,False,10.3195,0.1603,0.004,0.068,0.00535,0.026,0.045
P185s,V185s,V186s,True,False,19.8052,0.0545,0.0029,0.047,0.00285,0.026,0.045
P186s,V186s,V187s,True,False,1.7897,0.0545,0.0029,0.047,0.00285,0.026,0.045
P187s,V187s,V188s,True,False,3.1252,0.0545,0.0029,0.047,0.00285,0.026,0.045
P188s,V187s,V189s,True,False,1.8001,0.0545,0.0029,0.047,0.00285,0.026,0.045
P189s,V185s,V190s,True,False,8.7928,0.1603,0.004,0.068,0.00535,0.026,0.045
P190s,V190s,V191s,True,False,30.1534,0.1603,0.004,0.068,0.00535,0.026,0.045
P191s,V191s,V192s,True,False,22.4911,0.1603,0.004,0.068,0.00535,0.026,0.045
P192s,V192s,V193s,True,False,11.4545,0.1603,0.004,0.068,0.00535,0.026,0.045
P193s,V193s,V194s,True,False,51.0103,0.1603,0.004,0.068,0.00535,0.026,0.045
P194s,V194s,V195s,True,False,63.4179,0.1603,0.004,0.068,0.00535,0.026,0.045
P195s,V195s,V196s,True,False,4.4785,0.1603,0.004,0.068,0.00535,0.026,0.045
P196s,V196s,V197s,True,False,11.957,0.1603,0.004,0.068,0.00535,0.026,0.045
P197s,V197s,V198s,True,False,0.6374,0.1603,0.004,0.068,0.00535,0.026,0.045
P198s,V198s,V199s,True,False,6.7952,0.1603,0.004,0.068,0.00535,0.026,0.045
P199s,V199s,V200s,True,False,17.4827,0.1603,0.004,0.068,0.00535,0.026,0.045
P200s,V200s,V107s,True,False,7.9202,0.1603,0.004,0.068,0.00535,0.026,0.045
P201s,V194s,V201s,True,False,0.7999,0.1603,0.004,0.068,0.00535,0.026,0.045
P202s,V201s,V202s,True,False,49.1619,0.1325,0.0036,0.066,0.00415,0.026,0.045
P203s,V202s,V203s,True,False,40.6528,0.0545,0.0029,0.047,0.00285,0.026,0.045
P204s,V202s,V204s,True,False,13.0494,0.1325,0.0036,0.066,0.00415,0.026,0.045
P205s,V204s,V205s,True,False,92.1365,0.1325,0.0036,0.066,0.00415,0.026,0.045
P206s,V205s,V206s,True,True,2.4984,0.1325,0.0036,0.066,0.00415,0.026,0.045
P207s,V206s,V207s,True,True,2.0893,0.1325,0.0036,0.066,0.00415,0.026,0.045
P208s,V207s,V208s,True,True,15.5756,0.0703,0.0029,0.049,0.00295,0.026,0.045
P209s,V208s,V209s,True,True,0.3277,0.0703,0.0029,0.049,0.00295,0.026,0.045
P210s,V208s,V210s,True,True,35.5235,0.0703,0.0029,0.049,0.00295,0.026,0.045
P211s,V210s,V211s,True,True,15.7991,0.0703,0.0029,0.049,0.00295,0.026,0.045
P212s,V211s,V212s,True,False,6.4121,0.0703,0.0029,0.049,0.00295,0.026,0.045
P213s,V212s,V213s,True,False,32.2589,0.0545,0.0029,0.047,0.00285,0.026,0.045
P214s,V213s,V214s,True,False,7.6106,0.0545,0.0029,0.047,0.00285,0.026,0.045
P215s,V210s,V215s,True,True,4.446,0.0703,0.0029,0.049,0.00295,0.026,0.045
P216s,V215s,V216s,True,True,20.118,0.0703,0.0029,0.049,0.00295,0.026,0.045
P217s,V215s,V217s,True,True,0.863,0.0703,0.0029,0.049,0.00295,0.026,0.045
P218s,V204s,V218s,True,False,20.9503,0.0372,0.0026,0.046,0.0028,0.026,0.045
P219s,V191s,V219s,True,False,6.462,0.0825,0.0032,0.052,0.00355,0.026,0.045
P220s,V219s,V220s,True,False,43.4723,0.0825,0.0032,0.052,0.00355,0.026,0.045
P221s,V220s,V221s,True,False,43.519,0.0703,0.0029,0.049,0.00295,0.026,0.045
P222s,V183s,V222s,True,False,9.8424,0.1071,0.0036,0.064,0.00385,0.026,0.045
P223s,V222s,V223s,True,False,27.3276,0.1071,0.0036,0.064,0.00385,0.026,0.045
P224s,V223s,V224s,True,False,27.906,0.1071,0.0036,0.064,0.00385,0.026,0.045
P225s,V224s,V225s,True,False,24.339,0.1071,0.0036,0.064,0.00385,0.026,0.045
P226s,V225s,V226s,True,False,30.5287,0.0372,0.0026,0.046,0.0028,0.026,0.045
P227s,V225s,V227s,True,False,3.0945,0.1071,0.0036,0.064,0.00385,0.026,0.045
P228s,V227s,V228s,True,False,19.6691,0.1071,0.0036,0.064,0.00385,0.026,0.045
P229s,V228s,V229s,True,False,5.7177,0.1071,0.0036,0.064,0.00385,0.026,0.045
P230s,V229s,V230s,True,False,0.6497,0.1071,0.0036,0.064,0.00385,0.026,0.045
P231s,V230s,V231s,True,False,31.3555,0.0825,0.0032,0.052,0.00355,0.026,0.045
P232s,V231s,V232s,True,False,3.506,0.0825,0.0032,0.052,0.00355,0.026,0.045
P233s,V232s,V233s,True,False,34.9675,0.0372,0.0026,0.046,0.0028,0.026,0.045
P234s,V233s,V234s,True,False,1.6415,0.0372,0.0026,0.046,0.0028,0.026,0.045
P235s,V232s,V235s,True,False,15.4837,0.0825,0.0032,0.052,0.00355,0.026,0.045
P236s,V235s,V143s,True,False,1.3104,0.1325,0.0036,0.066,0.00415,0.026,0.045
P237s,V175s,V236s,True,False,55.1726,0.1603,0.004,0.068,0.00535,0.026,0.045
P238s,V236s,V237s,True,False,41.3633,0.1603,0.004,0.068,0.00535,0.026,0.045
P239s,V237s,V238s,True,False,0.6322,0.1603,0.004,0.068,0.00535,0.026,0.045
P240s,V238s,V239s,True,False,33.3874,0.1325,0.0036,0.066,0.00415,0.026,0.045
P241s,V239s,V240s,True,False,38.2146,0.1325,0.0036,0.066,0.00415,0.026,0.045
P242s,V240s,V241s,True,False,2.4423,0.1325,0.0036,0.066,0.00415,0.026,0.045
P243s,V241s,V242s,True,False,42.7372,0.1325,0.0036,0.066,0.00415,0.026,0.045
P244s,V242s,V243s,True,False,3.3458,0.1325,0.0036,0.066,0.00415,0.026,0.045
P245s,V243s,V244s,True,False,18.0528,0.1325,0.0036,0.066,0.00415,0.026,0.045
P246s,V244s,V245s,True,False,9.7436,0.1325,0.0036,0.066,0.00415,0.026,0.045
P247s,V245s,V246s,True,False,7.2783,0.0431,0.0026,0.043,0.00285,0.026,0.045
P248s,V245s,V247s,True,False,36.851,0.1325,0.0036,0.066,0.00415,0.026,0.045
P249s,V247s,V248s,True,False,2.7637,0.1325,0.0036,0.066,0.00415,0.026,0.045
P250s,V248s,V249s,True,False,11.249,0.1071,0.0036,0.064,0.00385,0.026,0.045
P251s,V249s,V250s,True,False,15.0322,0.1071,0.0036,0.064,0.00385,0.026,0.045
P252s,V250s,V251s,True,False,27.5411,0.1071,0.0036,0.064,0.00385,0.026,0.045
P253s,V251s,V252s,True,True,8.3312,0.1071,0.0036,0.064,0.00385,0.026,0.045
P254s,V252s,V253s,True,True,43.4574,0.1071,0.0036,0.064,0.00385,0.026,0.045
P255s,V253s,V254s,True,False,27.3935,0.1071,0.0036,0.064,0.00385,0.026,0.045
P256s,V254s,V255s,True,False,3.2475,0.1071,0.0036,0.064,0.00385,0.026,0.045
P257s,V255s,V256s,True,False,3.7919,0.1071,0.0036,0.064,0.00385,0.026,0.045
P258s,V256s,V257s,True,False,33.4326,0.1071,0.0036,0.064,0.00385,0.026,0.045
P259s,V257s,V258s,True,False,0.6499,0.1071,0.0036,0.064,0.00385,0.026,0.045
P260s,V258s,V259s,True,False,65.9785,0.0825,0.0032,0.052,0.00355,0.026,0.045
P261s,V259s,V260s,True,False,20.269,0.0431,0.0026,0.043,0.00285,0.026,0.045
P262s,V259s,V261s,True,False,104.7571,0.0825,0.0032,0.052,0.00355,0.026,0.045
P263s,V261s,V262s,True,False,7.3614,0.0545,0.0029,0.047,0.00285,0.026,0.045
P264s,V262s,V263s,True,False,2.0279,0.0545,0.0029,0.047,0.00285,0.026,0.045
P265s,V263s,V264s,True,False,0.997,0.0372,0.0026,0.046,0.0028,0.026,0.045
P266s,V263s,V265s,True,False,38.7587,0.0431,0.0026,0.043,0.00285,0.026,0.045
P267s,V265s,V266s,True,False,7.5608,0.0372,0.0026,0.046,0.0028,0.026,0.045
P268s,V265s,V267s,True,False,32.3717,0.0372,0.0026,0.046,0.0028,0.026,0.045
P269s,V257s,V268s,True,False,76.6373,0.0545,0.0029,0.047,0.00285,0.026,0.045
P270s,V268s,V269s,True,False,8.9357,0.0545,0.0029,0.047,0.00285,0.026,0.045
P271s,V269s,V270s,True,False,2.3604,0.0372,0.0026,0.046,0.0028,0.026,0.045
P272s,V270s,V271s,True,False,33.3036,0.0372,0.0026,0.046,0.0028,0.026,0.045
P273s,V268s,V272s,True,False,26.2683,0.0285,0.0026,0.043,0.00265,0.026,0.045
P274s,V252s,V273s,True,True,16.4148,0.0545,0.0029,0.047,0.00285,0.026,0.045
P275s,V273s,V274s,True,True,1.1369,0.0545,0.0029,0.047,0.00285,0.026,0.045
P276s,V247s,V275s,True,False,6.223,0.0545,0.0029,0.047,0.00285,0.026,0.045
P277s,V243s,V276s,True,False,15.5834,0.0545,0.0029,0.047,0.00285,0.026,0.045
P278s,V242s,V277s,True,False,2.1955,0.0545,0.0029,0.047,0.00285,0.026,0.045
P279s,V277s,V278s,True,False,10.1606,0.0545,0.0029,0.047,0.00285,0.026,0.045
P280s,V240s,V279s,True,False,9.8277,0.0703,0.0029,0.049,0.00295,0.026,0.045
P281s,V236s,V280s,True,False,28.7476,0.0285,0.0026,0.043,0.00265,0.026,0.045
P282s,V280s,V281s,True,False,3.6558,0.0285,0.0026,0.043,0.00265,0.026,0.045
P283s,V281s,V282s,True,False,1.4392,0.0285,0.0026,0.043,0.00265,0.026,0.045
P284s,V281s,V283s,True,False,0.7299,0.0285,0.0026,0.043,0.00265,0.026,0.045
P285s,V170s,V284s,True,False,42.294,0.0703,0.0029,0.049,0.00295,0.026,0.045
P286s,V284s,V285s,True,False,12.031,0.0703,0.0029,0.049,0.00295,0.026,0.045
P287s,V285s,V286s,True,False,3.0395,0.0545,0.0029,0.047,0.00285,0.026,0.045
P288s,V286s,V287s,True,False,39.7891,0.0545,0.0029,0.047,0.00285,0.026,0.045
P289s,V287s,V288s,True,False,23.4793,0.0545,0.0029,0.047,0.00285,0.026,0.045
P290s,V288s,V289s,True,False,0.627,0.0431,0.0026,0.043,0.00285,0.026,0.045
P291s,V289s,V290s,True,False,47.8457,0.0431,0.0026,0.043,0.00285,0.026,0.045
P292s,V290s,V291s,True,False,2.7759,0.0285,0.0026,0.043,0.00265,0.026,0.045
P293s,V288s,V292s,True,False,7.3464,0.0372,0.0026,0.046,0.0028,0.026,0.045
P294s,V287s,V293s,True,False,2.7773,0.0372,0.0026,0.046,0.0028,0.026,0.045
P295s,V285s,V294s,True,False,0.6298,0.0703,0.0029,0.049,0.00295,0.026,0.045
P296s,V294s,V295s,True,False,2.16,0.0545,0.0029,0.047,0.00285,0.026,0.045
P297s,V295s,V296s,True,False,14.4827,0.0545,0.0029,0.047,0.00285,0.026,0.045
P298s,V296s,V297s,True,False,17.8495,0.0545,0.0029,0.047,0.00285,0.026,0.045
P299s,V297s,V298s,True,False,9.073,0.0372,0.0026,0.046,0.0028,0.026,0.045
P300s,V169s,V299s,True,False,4.7192,0.0545,0.0029,0.047,0.00285,0.026,0.045
P301s,V299s,V300s,True,False,22.3918,0.0545,0.0029,0.047,0.00285,0.026,0.045
P302s,V300s,V301s,True,False,30.7378,0.0545,0.0029,0.047,0.00285,0.026,0.045
P303s,V301s,V302s,True,False,12.6268,0.0431,0.0026,0.043,0.00285,0.026,0.045
P304s,V302s,V303s,True,False,10.6897,0.0431,0.0026,0.043,0.00285,0.026,0.045
P305s,V167s,V304s,True,False,23.0402,0.0372,0.0026,0.046,0.0028,0.026,0.045
P306s,V165s,V305s,True,False,8.7491,0.1325,0.0036,0.066,0.00415,0.026,0.045
P307s,V305s,V306s,True,True,71.515,0.1325,0.0036,0.066,0.00415,0.026,0.045
P308s,V164s,V307s,True,True,4.5009,0.0703,0.0029,0.049,0.00295,0.026,0.045
P309s,V307s,V308s,True,True,27.4227,0.0703,0.0029,0.049,0.00295,0.026,0.045
P310s,V308s,V309s,True,True,0.609,0.0703,0.0029,0.049,0.00295,0.026,0.045
P311s,V153s,V310s,True,False,1.647,0.0431,0.0026,0.043,0.00285,0.026,0.045
P312s,V152s,V311s,True,False,49.9099,0.1071,0.0036,0.064,0.00385,0.026,0.045
P313s,V311s,V312s,True,False,32.4286,0.0703,0.0029,0.049,0.00295,0.026,0.045
P314s,V312s,V313s,True,False,8.5992,0.0703,0.0029,0.049,0.00295,0.026,0.045
P315s,V311s,V314s,True,False,48.6194,0.1071,0.0036,0.064,0.00385,0.026,0.045
P316s,V314s,V315s,True,False,7.1461,0.1071,0.0036,0.064,0.00385,0.026,0.045
P317s,V315s,V316s,True,False,0.6465,0.1071,0.0036,0.064,0.00385,0.026,0.045
P318s,V316s,V317s,True,False,56.4066,0.0825,0.0032,0.052,0.00355,0.026,0.045
P319s,V317s,V318s,True,False,46.0345,0.0703,0.0029,0.049,0.00295,0.026,0.045
P320s,V318s,V319s,True,False,1.0582,0.0372,0.0026,0.046,0.0028,0.026,0.045
P321s,V318s,V320s,True,False,6.2281,0.0703,0.0029,0.049,0.00295,0.026,0.045
P322s,V320s,V321s,True,False,12.8665,0.0703,0.0029,0.049,0.00295,0.026,0.045
P323s,V321s,V322s,True,False,1.9418,0.0431,0.0026,0.043,0.00285,0.026,0.045
P324s,V322s,V323s,True,False,4.8263,0.0285,0.0026,0.043,0.00265,0.026,0.045
P325s,V321s,V324s,True,False,8.6886,0.0703,0.0029,0.049,0.00295,0.026,0.045
P326s,V324s,V325s,True,False,21.8456,0.0545,0.0029,0.047,0.00285,0.026,0.045
P327s,V325s,V326s,True,False,0.3129,0.0285,0.0026,0.043,0.00265,0.026,0.045
P328s,V326s,V327s,True,False,0.7086,0.0285,0.0026,0.043,0.00265,0.026,0.045
P329s,V324s,V328s,True,False,3.6086,0.0703,0.0029,0.049,0.00295,0.026,0.045
P330s,V328s,V329s,True,False,1.7498,0.0545,0.0029,0.047,0.00285,0.026,0.045
P331s,V329s,V330s,True,False,0.9999,0.0285,0.0026,0.043,0.00265,0.026,0.045
P332s,V329s,V331s,True,False,0.3,0.0545,0.0029,0.047,0.00285,0.026,0.045
P333s,V331s,V332s,True,False,13.9096,0.0431,0.0026,0.043,0.00285,0.026,0.045
P334s,V332s,V333s,True,False,3.0025,0.0285,0.0026,0.043,0.00265,0.026,0.045
P335s,V317s,V334s,True,False,0.5999,0.0825,0.0032,0.052,0.00355,0.026,0.045
P336s,V334s,V335s,True,False,4.2383,0.0703,0.0029,0.049,0.00295,0.026,0.045
P337s,V335s,V336s,True,False,9.9905,0.0545,0.0029,0.047,0.00285,0.026,0.045
P338s,V336s,V337s,True,False,43.4334,0.0545,0.0029,0.047,0.00285,0.026,0.045
P339s,V337s,V338s,True,False,1.172,0.0285,0.0026,0.043,0.00265,0.026,0.045
P340s,V338s,V339s,True,False,2.4497,0.0285,0.0026,0.043,0.00265,0.026,0.045
P341s,V338s,V340s,True,False,0.1277,0.0285,0.0026,0.043,0.00265,0.026,0.045
P342s,V150s,V341s,True,False,41.2932,0.1071,0.0036,0.064,0.00385,0.026,0.045
P343s,V341s,V342s,True,False,13.4229,0.1071,0.0036,0.064,0.00385,0.026,0.045
P344s,V342s,V343s,True,False,11.7818,0.0372,0.0026,0.046,0.0028,0.026,0.045
P345s,V343s,V344s,True,False,10.8959,0.0372,0.0026,0.046,0.0028,0.026,0.045
P346s,V342s,V345s,True,False,54.8601,0.1071,0.0036,0.064,0.00385,0.026,0.045
P347s,V345s,V346s,True,False,14.8463,0.1071,0.0036,0.064,0.00385,0.026,0.045
P348s,V346s,V347s,True,False,28.7623,0.0825,0.0032,0.052,0.00355,0.026,0.045
P349s,V347s,V363s,True,False,13.4934,0.0545,0.0029,0.047,0.00285,0.026,0.045
P350s,V363s,V364s,True,False,2.5498,0.0545,0.0029,0.047,0.00285,0.026,0.045
P351s,V363s,V365s,True,False,0.7332,0.0545,0.0029,0.047,0.00285,0.026,0.045
P352s,V348s,V347s,True,False,5.3156,0.0825,0.0032,0.052,0.00355,0.026,0.045
P353s,V349s,V348s,True,False,9.2802,0.0825,0.0032,0.052,0.00355,0.026,0.045
P354s,V349s,V350s,True,False,4.4039,0.0431,0.0026,0.043,0.00285,0.026,0.045
P355s,V351s,V349s,True,False,36.2622,0.0825,0.0032,0.052,0.00355,0.026,0.045
P356s,V352s,V351s,True,False,1.4645,0.1325,0.0036,0.066,0.00415,0.026,0.045
P357s,V352s,V353s,True,False,0.8308,0.1325,0.0036,0.066,0.00415,0.026,0.045
P358s,V353s,V354s,True,False,23.7293,0.0825,0.0032,0.052,0.00355,0.026,0.045
P359s,V354s,V355s,True,False,6.3882,0.0825,0.0032,0.052,0.00355,0.026,0.045
P360s,V355s,V356s,True,False,0.6059,0.0703,0.0029,0.049,0.00295,0.026,0.045
P361s,V356s,V357s,True,False,16.8788,0.0703,0.0029,0.049,0.00295,0.026,0.045
P362s,V357s,V358s,True,False,0.6599,0.0703,0.0029,0.049,0.00295,0.026,0.045
P363s,V358s,V359s,True,False,2.0645,0.0545,0.0029,0.047,0.00285,0.026,0.045
P364s,V357s,V360s,True,False,5.0739,0.0545,0.0029,0.047,0.00285,0.026,0.045
P365s,V360s,V361s,True,False,2.4846,0.0431,0.0026,0.043,0.00285,0.026,0.045
P366s,V361s,V362s,True,False,23.5118,0.0431,0.0026,0.043,0.00285,0.026,0.045
P367s,V144s,V352s,True,False,10.3338,0.1325,0.0036,0.066,0.00415,0.026,0.045
P368s,V346s,V366s,True,False,13.2962,0.1071,0.0036,0.064,0.00385,0.026,0.045
P369s,V366s,V367s,True,False,3.4748,0.0285,0.0026,0.043,0.00265,0.026,0.045
P370s,V366s,V368s,True,False,19.6203,0.1071,0.0036,0.064,0.00385,0.026,0.045
P371s,V368s,V369s,True,False,74.1039,0.1071,0.0036,0.064,0.00385,0.026,0.045
P372s,V369s,V370s,True,False,17.7156,0.1071,0.0036,0.064,0.00385,0.026,0.045
P373s,V370s,V371s,True,False,9.7688,0.1603,0.004,0.068,0.00535,0.026,0.045
P374s,V371s,V372s,True,False,3.1673,0.1603,0.004,0.068,0.00535,0.026,0.045
P375s,V372s,V373s,True,False,19.0827,0.1603,0.004,0.068,0.00535,0.026,0.045
P376s,V373s,V374s,True,False,30.4563,0.1603,0.004,0.068,0.00535,0.026,0.045
P377s,V374s,V375s,True,False,27.2819,0.0703,0.0029,0.049,0.00295,0.026,0.045
P378s,V375s,V376s,True,False,0.6511,0.0703,0.0029,0.049,0.00295,0.026,0.045
P379s,V376s,V377s,True,False,59.8413,0.0545,0.0029,0.047,0.00285,0.026,0.045
P380s,V377s,V378s,True,False,0.6399,0.0545,0.0029,0.047,0.00285,0.026,0.045
P381s,V378s,V379s,True,False,13.994,0.0372,0.0026,0.046,0.0028,0.026,0.045
P382s,V377s,V380s,True,False,26.5333,0.0431,0.0026,0.043,0.00285,0.026,0.045
P383s,V374s,V381s,True,False,10.9421,0.1603,0.004,0.068,0.00535,0.026,0.045
P384s,V381s,V382s,True,False,45.8717,0.1603,0.004,0.068,0.00535,0.026,0.045
P385s,V382s,V386s,True,False,45.3204,0.0545,0.0029,0.047,0.00285,0.026,0.045
P386s,V386s,V387s,True,False,0.6199,0.0545,0.0029,0.047,0.00285,0.026,0.045
P387s,V387s,V388s,True,False,14.8313,0.0372,0.0026,0.046,0.0028,0.026,0.045
P388s,V383s,V382s,True,False,41.1246,0.1603,0.004,0.068,0.00535,0.026,0.045
P389s,V384s,V383s,True,False,1.1847,0.1603,0.004,0.068,0.00535,0.026,0.045
P390s,V385s,V384s,True,False,21.7095,0.1603,0.004,0.068,0.00535,0.026,0.045
P391s,V122s,V385s,True,False,7.5967,0.1603,0.004,0.068,0.00535,0.026,0.045
P392s,V149s,V389s,True,False,11.6416,0.0431,0.0026,0.043,0.00285,0.026,0.045
P393s,V389s,V390s,True,False,0.375,0.0431,0.0026,0.043,0.00285,0.026,0.045
P394s,V390s,V391s,True,False,2.6928,0.0431,0.0026,0.043,0.00285,0.026,0.045
P395s,V390s,V392s,True,False,3.9311,0.0431,0.0026,0.043,0.00285,0.026,0.045
P396s,V393s,V113s,True,False,19.2341,0.1603,0.004,0.068,0.00535,0.026,0.045
P397s,V394s,V393s,True,False,6.8753,0.1603,0.004,0.068,0.00535,0.026,0.045
P398s,V394s,V528s,True,False,16.5271,0.0545,0.0029,0.047,0.00285,0.026,0.045
P399s,V528s,V529s,True,False,16.0964,0.0545,0.0029,0.047,0.00285,0.026,0.045
P400s,V395s,V394s,True,False,17.3,0.1603,0.004,0.068,0.00535,0.026,0.045
P401s,V395s,V527s,True,False,18.6505,0.0431,0.0026,0.043,0.00285,0.026,0.045
P402s,V396s,V395s,True,False,29.4535,0.1603,0.004,0.068,0.00535,0.026,0.045
P403s,V397s,V396s,True,False,38.3808,0.1603,0.004,0.068,0.00535,0.026,0.045
P404s,V398s,V397s,True,False,8.4317,0.1603,0.004,0.068,0.00535,0.026,0.045
P405s,V398s,V465s,True,False,21.703,0.1603,0.004,0.068,0.00535,0.026,0.045
P406s,V465s,V466s,True,False,17.6409,0.1603,0.004,0.068,0.00535,0.026,0.045
P407s,V466s,V467s,True,False,1.2499,0.1603,0.004,0.068,0.00535,0.026,0.045
P408s,V467s,V468s,True,True,1.1178,0.1603,0.004,0.068,0.00535,0.026,0.045
P409s,V468s,V469s,True,True,1.6505,0.1603,0.004,0.068,0.00535,0.026,0.045
P410s,V469s,V470s,True,True,0.4043,0.1603,0.004,0.068,0.00535,0.026,0.045
P411s,V469s,V471s,True,True,1.7126,0.1603,0.004,0.068,0.00535,0.026,0.045
P412s,V466s,V472s,True,False,52.0722,0.1603,0.004,0.068,0.00535,0.026,0.045
P413s,V472s,V473s,True,False,12.178,0.1603,0.004,0.068,0.00535,0.026,0.045
P414s,V473s,V474s,True,False,32.6875,0.0545,0.0029,0.047,0.00285,0.026,0.045
P415s,V474s,V475s,True,False,72.2996,0.0545,0.0029,0.047,0.00285,0.026,0.045
P416s,V475s,V476s,True,False,4.1984,0.0372,0.0026,0.046,0.0028,0.026,0.045
P417s,V476s,V477s,True,True,2.6673,0.0372,0.0026,0.046,0.0028,0.026,0.045
P418s,V477s,V478s,True,True,0.8177,0.0372,0.0026,0.046,0.0028,0.026,0.045
P419s,V477s,V479s,True,True,1.599,0.0372,0.0026,0.046,0.0028,0.026,0.045
P420s,V479s,V480s,True,True,0.7873,0.0372,0.0026,0.046,0.0028,0.026,0.045
P421s,V473s,V481s,True,False,38.0884,0.1603,0.004,0.068,0.00535,0.026,0.045
P422s,V481s,V482s,True,False,34.3107,0.1603,0.004,0.068,0.00535,0.026,0.045
P423s,V482s,V483s,True,False,6.5147,0.0545,0.0029,0.047,0.00285,0.026,0.045
P424s,V483s,V484s,True,False,36.48,0.0545,0.0029,0.047,0.00285,0.026,0.045
P425s,V484s,V485s,True,False,9.7058,0.0545,0.0029,0.047,0.00285,0.026,0.045
P426s,V485s,V486s,True,False,4.6817,0.0285,0.0026,0.043,0.00265,0.026,0.045
P427s,V484s,V487s,True,False,2.6151,0.0372,0.0026,0.046,0.0028,0.026,0.045
P428s,V487s,V488s,True,True,2.4914,0.0372,0.0026,0.046,0.0028,0.026,0.045
P429s,V488s,V489s,True,True,0.4237,0.0372,0.0026,0.046,0.0028,0.026,0.045
P430s,V488s,V490s,True,True,1.3137,0.0372,0.0026,0.046,0.0028,0.026,0.045
P431s,V482s,V491s,True,False,21.7974,0.1603,0.004,0.068,0.00535,0.026,0.045
P432s,V491s,V492s,True,False,26.7148,0.1603,0.004,0.068,0.00535,0.026,0.045
P433s,V492s,V493s,True,False,39.2597,0.1603,0.004,0.068,0.00535,0.026,0.045
P434s,V493s,V494s,True,False,13.942,0.1603,0.004,0.068,0.00535,0.026,0.045
P435s,V494s,V495s,True,False,68.7333,0.1071,0.0036,0.064,0.00385,0.026,0.045
P436s,V495s,V496s,True,False,0.8303,0.1325,0.0036,0.066,0.00415,0.026,0.045
P437s,V496s,V497s,True,False,14.5175,0.0703,0.0029,0.049,0.00295,0.026,0.045
P438s,V497s,V498s,True,False,1.6819,0.0703,0.0029,0.049,0.00295,0.026,0.045
P439s,V498s,V499s,True,False,14.067,0.0703,0.0029,0.049,0.00295,0.026,0.045
P440s,V499s,V500s,True,False,11.4162,0.0703,0.0029,0.049,0.00295,0.026,0.045
P441s,V500s,V501s,True,False,1.1222,0.0703,0.0029,0.049,0.00295,0.026,0.045
P442s,V500s,V502s,True,False,1.7247,0.0703,0.0029,0.049,0.00295,0.026,0.045
P443s,V499s,V503s,True,False,1.9087,0.0545,0.0029,0.047,0.00285,0.026,0.045
P444s,V503s,V504s,True,False,0.1417,0.0545,0.0029,0.047,0.00285,0.026,0.045
P445s,V504s,V505s,True,False,0.7544,0.0431,0.0026,0.043,0.00285,0.026,0.045
P446s,V505s,V506s,True,False,19.9424,0.0372,0.0026,0.046,0.0028,0.026,0.045
P447s,V506s,V507s,True,False,5.7838,0.0285,0.0026,0.043,0.00265,0.026,0.045
P448s,V472s,V508s,True,False,21.2052,0.0545,0.0029,0.047,0.00285,0.026,0.045
P449s,V508s,V509s,True,False,1.0232,0.0545,0.0029,0.047,0.00285,0.026,0.045
P450s,V509s,V510s,True,False,5.442,0.0431,0.0026,0.043,0.00285,0.026,0.045
P451s,V510s,V511s,True,True,4.221,0.0431,0.0026,0.043,0.00285,0.026,0.045
P452s,V511s,V512s,True,True,4.9411,0.0431,0.0026,0.043,0.00285,0.026,0.045
P453s,V511s,V513s,True,True,1.1738,0.0431,0.0026,0.043,0.00285,0.026,0.045
P454s,V465s,V514s,True,False,29.1447,0.0825,0.0032,0.052,0.00355,0.026,0.045
P455s,V514s,V515s,True,False,5.051,0.0825,0.0032,0.052,0.00355,0.026,0.045
P456s,V515s,V516s,True,False,0.6279,0.0825,0.0032,0.052,0.00355,0.026,0.045
P457s,V516s,V517s,True,False,24.568,0.0703,0.0029,0.049,0.00295,0.026,0.045
P458s,V517s,V518s,True,False,18.6801,0.0703,0.0029,0.049,0.00295,0.026,0.045
P459s,V518s,V519s,True,False,0.6306,0.0703,0.0029,0.049,0.00295,0.026,0.045
P460s,V519s,V520s,True,False,34.9206,0.0545,0.0029,0.047,0.00285,0.026,0.045
P461s,V520s,V521s,True,False,39.1928,0.0431,0.0026,0.043,0.00285,0.026,0.045
P462s,V520s,V522s,True,False,0.5874,0.0545,0.0029,0.047,0.00285,0.026,0.045
P463s,V522s,V523s,True,False,35.6918,0.0372,0.0026,0.046,0.0028,0.026,0.045
P464s,V518s,V524s,True,False,10.2226,0.0545,0.0029,0.047,0.00285,0.026,0.045
P465s,V524s,V525s,True,False,3.2183,0.0431,0.0026,0.043,0.00285,0.026,0.045
P466s,V514s,V526s,True,False,2.0501,0.0372,0.0026,0.046,0.0028,0.026,0.045
P467s,V399s,V398s,True,False,6.1309,0.1603,0.004,0.068,0.00535,0.026,0.045
P468s,V400s,V399s,True,False,35.7014,0.1603,0.004,0.068,0.00535,0.026,0.045
P469s,V400s,V401s,True,False,1.0062,0.0703,0.0029,0.049,0.00295,0.026,0.045
P470s,V401s,V402s,True,False,6.3779,0.0825,0.0032,0.052,0.00355,0.026,0.045
P471s,V402s,V403s,True,False,62.7548,0.0825,0.0032,0.052,0.00355,0.026,0.045
P472s,V403s,V404s,True,False,6.998,0.0703,0.0029,0.049,0.00295,0.026,0.045
P473s,V404s,V405s,True,False,0.5999,0.0703,0.0029,0.049,0.00295,0.026,0.045
P474s,V405s,V406s,True,False,50.3145,0.0431,0.0026,0.043,0.00285,0.026,0.045
P475s,V406s,V407s,True,False,0.7201,0.0431,0.0026,0.043,0.00285,0.026,0.045
P476s,V408s,V400s,True,False,29.4877,0.1603,0.004,0.068,0.00535,0.026,0.045
P477s,V408s,V460s,True,False,13.0064,0.0703,0.0029,0.049,0.00295,0.026,0.045
P478s,V460s,V461s,True,False,22.1162,0.0703,0.0029,0.049,0.00295,0.026,0.045
P479s,V461s,V462s,True,False,10.1679,0.0703,0.0029,0.049,0.00295,0.026,0.045
P480s,V462s,V463s,True,False,25.9833,0.0372,0.0026,0.046,0.0028,0.026,0.045
P481s,V461s,V464s,True,False,14.9149,0.0285,0.0026,0.043,0.00265,0.026,0.045
P482s,V409s,V408s,True,False,26.5293,0.1603,0.004,0.068,0.00535,0.026,0.045
P483s,V409s,V410s,True,False,75.6502,0.1071,0.0036,0.064,0.00385,0.026,0.045
P484s,V410s,V411s,True,False,16.0665,0.1071,0.0036,0.064,0.00385,0.026,0.045
P485s,V411s,V412s,True,False,1.1132,0.1071,0.0036,0.064,0.00385,0.026,0.045
P486s,V412s,V413s,True,False,21.1327,0.0825,0.0032,0.052,0.00355,0.026,0.045
P487s,V413s,V414s,True,False,25.3373,0.0825,0.0032,0.052,0.00355,0.026,0.045
P488s,V414s,V415s,True,False,0.7613,0.0431,0.0026,0.043,0.00285,0.026,0.045
P489s,V415s,V416s,True,False,4.7017,0.0372,0.0026,0.046,0.0028,0.026,0.045
P490s,V414s,V417s,True,False,27.1576,0.0825,0.0032,0.052,0.00355,0.026,0.045
P491s,V417s,V418s,True,False,8.1342,0.0825,0.0032,0.052,0.00355,0.026,0.045
P492s,V418s,V419s,True,False,18.3855,0.0825,0.0032,0.052,0.00355,0.026,0.045
P493s,V419s,V420s,True,False,15.1218,0.0825,0.0032,0.052,0.00355,0.026,0.045
P494s,V420s,V421s,True,False,57.447,0.0825,0.0032,0.052,0.00355,0.026,0.045
P495s,V421s,V422s,True,False,0.5899,0.0825,0.0032,0.052,0.00355,0.026,0.045
P496s,V422s,V423s,True,False,39.6471,0.0703,0.0029,0.049,0.00295,0.026,0.045
P497s,V423s,V424s,True,False,32.7856,0.0703,0.0029,0.049,0.00295,0.026,0.045
P498s,V424s,V78s,True,False,1.0011,0.1071,0.0036,0.064,0.00385,0.026,0.045
P499s,V420s,V425s,True,False,6.528,0.0545,0.0029,0.047,0.00285,0.026,0.045
P500s,V418s,V426s,True,False,36.5943,0.0431,0.0026,0.043,0.00285,0.026,0.045
P501s,V413s,V427s,True,False,2.9302,0.0372,0.0026,0.046,0.0028,0.026,0.045
P502s,V427s,V428s,True,False,21.1225,0.0372,0.0026,0.046,0.0028,0.026,0.045
P503s,V411s,V429s,True,False,10.9659,0.0545,0.0029,0.047,0.00285,0.026,0.045
P504s,V429s,V430s,True,False,1.1905,0.0545,0.0029,0.047,0.00285,0.026,0.045
P505s,V429s,V431s,True,False,1.4011,0.0545,0.0029,0.047,0.00285,0.026,0.045
P506s,V432s,V409s,True,False,36.4265,0.1603,0.004,0.068,0.00535,0.026,0.045
P507s,V433s,V432s,True,False,7.7582,0.1603,0.004,0.068,0.00535,0.026,0.045
P508s,V434s,V433s,True,False,44.5165,0.1603,0.004,0.068,0.00535,0.026,0.045
P509s,V435s,V434s,True,False,31.9816,0.1603,0.004,0.068,0.00535,0.026,0.045
P510s,V436s,V435s,True,False,3.3675,0.1603,0.004,0.068,0.00535,0.026,0.045
P511s,V437s,V436s,True,False,18.0939,0.1603,0.004,0.068,0.00535,0.026,0.045
P512s,V437s,V438s,True,False,5.0585,0.0545,0.0029,0.047,0.00285,0.026,0.045
P513s,V439s,V437s,True,False,33.6109,0.1603,0.004,0.068,0.00535,0.026,0.045
P514s,V440s,V439s,True,False,65.5972,0.1603,0.004,0.068,0.00535,0.026,0.045
P515s,V440s,V455s,True,False,2.5074,0.1603,0.004,0.068,0.00535,0.026,0.045
P516s,V455s,V456s,True,False,11.1521,0.1071,0.0036,0.064,0.00385,0.026,0.045
P517s,V456s,V457s,True,False,1.9004,0.1071,0.0036,0.064,0.00385,0.026,0.045
P518s,V457s,V458s,True,False,5.9693,0.0825,0.0032,0.052,0.00355,0.026,0.045
P519s,V458s,V459s,True,False,6.7585,0.0285,0.0026,0.043,0.00265,0.026,0.045
P520s,V441s,V440s,True,False,16.9195,0.1603,0.004,0.068,0.00535,0.026,0.045
P521s,V442s,V441s,True,False,35.1714,0.1603,0.004,0.068,0.00535,0.026,0.045
P522s,V443s,V442s,True,False,24.6909,0.1603,0.004,0.068,0.00535,0.026,0.045
P523s,V443s,V454s,True,False,24.0549,0.0431,0.0026,0.043,0.00285,0.026,0.045
P524s,V444s,V443s,True,False,37.5844,0.1603,0.004,0.068,0.00535,0.026,0.045
P525s,V444s,V452s,True,False,18.9343,0.0431,0.0026,0.043,0.00285,0.026,0.045
P526s,V452s,V453s,True,False,0.8896,0.0431,0.0026,0.043,0.00285,0.026,0.045
P527s,V445s,V444s,True,False,22.2374,0.1603,0.004,0.068,0.00535,0.026,0.045
P528s,V446s,V445s,True,False,30.3188,0.1603,0.004,0.068,0.00535,0.026,0.045
P529s,V446s,V450s,True,False,1.9226,0.0285,0.0026,0.043,0.00265,0.026,0.045
P530s,V450s,V451s,True,False,3.4156,0.0372,0.0026,0.046,0.0028,0.026,0.045
P531s,V447s,V446s,True,False,21.6632,0.1603,0.004,0.068,0.00535,0.026,0.045
P532s,V448s,V447s,True,False,41.3981,0.1603,0.004,0.068,0.00535,0.026,0.045
P533s,V449s,V448s,True,False,8.9855,0.1603,0.004,0.068,0.00535,0.026,0.045
P534s,V56s,V449s,True,False,0.9311,0.2101,0.0045,0.084,0.00645,0.027,0.045
P535s,V106s,V530s,True,False,2.5565,0.0703,0.0029,0.049,0.00295,0.026,0.045
P536s,V530s,V531s,True,False,19.8928,0.0545,0.0029,0.047,0.00285,0.026,0.045
P537s,V531s,V532s,True,False,24.5568,0.0545,0.0029,0.047,0.00285,0.026,0.045
P538s,V94s,V533s,True,False,4.5015,0.1325,0.0036,0.066,0.00415,0.026,0.045
P539s,V533s,V534s,True,False,4.5879,0.1325,0.0036,0.066,0.00415,0.026,0.045
P540s,V534s,V535s,True,False,1.1699,0.1325,0.0036,0.066,0.00415,0.026,0.045
P541s,V535s,V536s,True,False,1.5398,0.1071,0.0036,0.064,0.00385,0.026,0.045
P542s,V536s,V537s,True,False,2.3056,0.0703,0.0029,0.049,0.00295,0.026,0.045
P543s,V93s,V538s,True,False,18.9523,0.0703,0.0029,0.049,0.00295,0.026,0.045
P544s,V538s,V539s,True,False,24.6708,0.0703,0.0029,0.049,0.00295,0.026,0.045
P545s,V87s,V540s,True,False,14.0985,0.1603,0.004,0.068,0.00535,0.026,0.045
P546s,V540s,V541s,True,False,5.9009,0.1603,0.004,0.068,0.00535,0.026,0.045
P547s,V541s,V542s,True,False,20.1211,0.1071,0.0036,0.064,0.00385,0.026,0.045
P548s,V54s,V543s,True,False,34.8135,0.1071,0.0036,0.064,0.00385,0.026,0.045
P549s,V543s,V544s,True,False,25.068,0.1071,0.0036,0.064,0.00385,0.026,0.045
P550s,V544s,V545s,True,False,1.3047,0.1071,0.0036,0.064,0.00385,0.026,0.045
P551s,V545s,V546s,True,False,24.0298,0.0703,0.0029,0.049,0.00295,0.026,0.045
P552s,V546s,V547s,True,False,0.7038,0.0703,0.0029,0.049,0.00295,0.026,0.045
P553s,V545s,V548s,True,False,23.6513,0.1071,0.0036,0.064,0.00385,0.026,0.045
P554s,V548s,V549s,True,False,16.4758,0.0825,0.0032,0.052,0.00355,0.026,0.045
P555s,V549s,V550s,True,False,2.7304,0.0825,0.0032,0.052,0.00355,0.026,0.045
P556s,V550s,V551s,True,False,25.4376,0.0825,0.0032,0.052,0.00355,0.026,0.045
P557s,V551s,V552s,True,False,4.9975,0.0825,0.0032,0.052,0.00355,0.026,0.045
P558s,V552s,V553s,True,False,55.9887,0.0825,0.0032,0.052,0.00355,0.026,0.045
P559s,V553s,V554s,True,False,2.2489,0.0285,0.0026,0.043,0.00265,0.026,0.045
P560s,V554s,V555s,True,False,28.4344,0.0285,0.0026,0.043,0.00265,0.026,0.045
P561s,V555s,V556s,True,False,0.5672,0.0285,0.0026,0.043,0.00265,0.026,0.045
P562s,V553s,V557s,True,False,20.869,0.0825,0.0032,0.052,0.00355,0.026,0.045
P563s,V557s,V558s,True,False,17.8155,0.0825,0.0032,0.052,0.00355,0.026,0.045
P564s,V558s,V559s,True,False,21.0302,0.0372,0.0026,0.046,0.0028,0.026,0.045
P565s,V558s,V560s,True,False,34.8393,0.0825,0.0032,0.052,0.00355,0.026,0.045
P566s,V560s,V561s,True,False,9.409,0.0285,0.0026,0.043,0.00265,0.026,0.045
P567s,V560s,V562s,True,False,16.8828,0.0825,0.0032,0.052,0.00355,0.026,0.045
P568s,V562s,V563s,True,False,17.3429,0.0825,0.0032,0.052,0.00355,0.026,0.045
P569s,V563s,V564s,True,False,8.9668,0.0825,0.0032,0.052,0.00355,0.026,0.045
P570s,V564s,V565s,True,False,97.7495,0.1603,0.004,0.068,0.00535,0.026,0.045
P571s,V565s,V566s,True,False,20.1863,0.1603,0.004,0.068,0.00535,0.026,0.045
P572s,V566s,V567s,True,False,28.305,0.0825,0.0032,0.052,0.00355,0.026,0.045
P573s,V567s,V568s,True,False,10.4851,0.0825,0.0032,0.052,0.00355,0.026,0.045
P574s,V568s,V569s,True,False,2.5689,0.0545,0.0029,0.047,0.00285,0.026,0.045
P575s,V569s,V570s,True,False,17.8825,0.0545,0.0029,0.047,0.00285,0.026,0.045
P576s,V570s,V571s,True,False,0.6891,0.0545,0.0029,0.047,0.00285,0.026,0.045
P577s,V571s,V572s,True,False,32.3856,0.0372,0.0026,0.046,0.0028,0.026,0.045
P578s,V568s,V573s,True,False,25.3393,0.0825,0.0032,0.052,0.00355,0.026,0.045
P579s,V573s,V574s,True,False,0.5999,0.0825,0.0032,0.052,0.00355,0.026,0.045
P580s,V574s,V575s,True,False,19.753,0.0703,0.0029,0.049,0.00295,0.026,0.045
P581s,V575s,V576s,True,False,0.7471,0.0703,0.0029,0.049,0.00295,0.026,0.045
P582s,V576s,V577s,True,False,32.5251,0.0545,0.0029,0.047,0.00285,0.026,0.045
P583s,V577s,V578s,True,False,4.783,0.0431,0.0026,0.043,0.00285,0.026,0.045
P584s,V578s,V579s,True,False,1.2217,0.0431,0.0026,0.043,0.00285,0.026,0.045
P585s,V579s,V580s,True,False,16.5879,0.0285,0.0026,0.043,0.00265,0.026,0.045
P586s,V578s,V581s,True,False,1.4699,0.0285,0.0026,0.043,0.00265,0.026,0.045
P587s,V581s,V582s,True,True,7.009,0.0285,0.0026,0.043,0.00265,0.026,0.045
P588s,V573s,V583s,True,False,2.3551,0.0703,0.0029,0.049,0.00295,0.026,0.045
P589s,V583s,V584s,True,False,34.3811,0.0703,0.0029,0.049,0.00295,0.026,0.045
P590s,V584s,V585s,True,False,8.9364,0.0703,0.0029,0.049,0.00295,0.026,0.045
P591s,V585s,V586s,True,False,31.8732,0.0703,0.0029,0.049,0.00295,0.026,0.045
P592s,V586s,V587s,True,False,3.497,0.0703,0.0029,0.049,0.00295,0.026,0.045
P593s,V587s,V588s,True,False,13.4857,0.0703,0.0029,0.049,0.00295,0.026,0.045
P594s,V588s,V589s,True,True,12.4092,0.0703,0.0029,0.049,0.00295,0.026,0.045
P595s,V589s,V590s,True,True,0.7323,0.0703,0.0029,0.049,0.00295,0.026,0.045
P596s,V563s,V591s,True,False,3.2204,0.0285,0.0026,0.043,0.00265,0.026,0.045
P597s,V544s,V592s,True,False,5.2102,0.0431,0.0026,0.043,0.00285,0.026,0.045
P598s,V543s,V593s,True,False,1.4683,0.0431,0.0026,0.043,0.00285,0.026,0.045
P599s,V593s,V594s,True,False,0.3988,0.0431,0.0026,0.043,0.00285,0.026,0.045
P600s,V593s,V595s,True,False,0.7818,0.0431,0.0026,0.043,0.00285,0.026,0.045
P601s,V51s,V596s,True,False,9.4467,0.0825,0.0032,0.052,0.00355,0.026,0.045
P602s,V596s,V597s,True,False,6.6701,0.0703,0.0029,0.049,0.00295,0.026,0.045
P603s,V597s,V598s,True,False,7.9452,0.0545,0.0029,0.047,0.00285,0.026,0.045
P604s,V598s,V599s,True,True,27.3277,0.0545,0.0029,0.047,0.00285,0.026,0.045
P605s,V599s,V600s,True,False,46.0043,0.0372,0.0026,0.046,0.0028,0.026,0.045
P606s,V599s,V601s,True,True,5.93,0.0545,0.0029,0.047,0.00285,0.026,0.045
P607s,V601s,V602s,True,True,10.1321,0.0372,0.0026,0.046,0.0028,0.026,0.045
P608s,V601s,V603s,True,True,17.598,0.0545,0.0029,0.047,0.00285,0.026,0.045
P609s,V603s,V604s,True,False,20.4851,0.0545,0.0029,0.047,0.00285,0.026,0.045
P610s,V604s,V605s,True,False,10.2738,0.0545,0.0029,0.047,0.00285,0.026,0.045
P611s,V605s,V606s,True,False,5.1844,0.0545,0.0029,0.047,0.00285,0.026,0.045
P612s,V604s,V607s,True,False,3.4833,0.0285,0.0026,0.043,0.00265,0.026,0.045
P613s,V47s,V608s,True,False,18.705,0.0285,0.0026,0.043,0.00265,0.026,0.045
P614s,V46s,V609s,True,False,17.6041,0.0545,0.0029,0.047,0.00285,0.026,0.045
P615s,V609s,V610s,True,False,25.7704,0.0545,0.0029,0.047,0.00285,0.026,0.045
P616s,V610s,V611s,True,False,0.7273,0.0431,0.0026,0.043,0.00285,0.026,0.045
P617s,V611s,V612s,True,False,0.05,0.0372,0.0026,0.046,0.0028,0.026,0.045
P618s,V612s,V613s,True,False,22.9333,0.0285,0.0026,0.043,0.00265,0.026,0.045
P619s,V45s,V614s,True,False,9.4567,0.2101,0.0045,0.084,0.00645,0.027,0.045
P620s,V614s,V615s,True,False,13.208,0.0285,0.0026,0.043,0.00265,0.026,0.045
P621s,V615s,V616s,True,False,1.593,0.0285,0.0026,0.043,0.00265,0.026,0.045
P622s,V614s,V617s,True,False,79.2424,0.2101,0.0045,0.084,0.00645,0.027,0.045
P623s,V617s,V618s,True,False,8.7327,0.2101,0.0045,0.084,0.00645,0.027,0.045
P624s,V618s,V619s,True,False,20.7062,0.2101,0.0045,0.084,0.00645,0.027,0.045
P625s,V619s,V620s,True,False,7.273,0.0285,0.0026,0.043,0.00265,0.026,0.045
P626s,V619s,V621s,True,False,12.6641,0.2101,0.0045,0.084,0.00645,0.027,0.045
P627s,V621s,V622s,True,False,42.8223,0.2101,0.0045,0.084,0.00645,0.027,0.045
P628s,V622s,V623s,True,False,4.9034,0.0285,0.0026,0.043,0.00265,0.026,0.045
P629s,V622s,V624s,True,False,11.2889,0.2101,0.0045,0.084,0.00645,0.027,0.045
P630s,V624s,V625s,True,False,49.5064,0.2101,0.0045,0.084,0.00645,0.027,0.045
P631s,V625s,V626s,True,False,3.1678,0.2101,0.0045,0.084,0.00645,0.027,0.045
P632s,V626s,V627s,True,False,48.6568,0.2101,0.0045,0.084,0.00645,0.027,0.045
P633s,V627s,V628s,True,False,0.7975,0.263,0.005,0.107,0.0065,0.027,0.045
P634s,V628s,V629s,True,False,59.0555,0.2101,0.0045,0.084,0.00645,0.027,0.045
P635s,V629s,V630s,True,False,126.261,0.2101,0.0045,0.084,0.00645,0.027,0.045
P636s,V630s,V631s,True,False,46.5911,0.2101,0.0045,0.084,0.00645,0.027,0.045
P637s,V631s,V632s,True,False,22.1592,0.2101,0.0045,0.084,0.00645,0.027,0.045
P638s,V632s,V633s,True,False,35.0295,0.2101,0.0045,0.084,0.00645,0.027,0.045
P639s,V633s,V634s,True,False,0.7403,0.0703,0.0029,0.049,0.00295,0.026,0.045
P640s,V634s,V635s,True,False,0.1723,0.0545,0.0029,0.047,0.00285,0.026,0.045
P641s,V635s,V636s,True,False,3.6113,0.0431,0.0026,0.043,0.00285,0.026,0.045
P642s,V636s,V637s,True,False,20.1327,0.0431,0.0026,0.043,0.00285,0.026,0.045
P643s,V637s,V638s,True,False,1.6998,0.0431,0.0026,0.043,0.00285,0.026,0.045
P644s,V638s,V639s,True,False,0.6864,0.0431,0.0026,0.043,0.00285,0.026,0.045
P645s,V638s,V640s,True,False,0.748,0.0431,0.0026,0.043,0.00285,0.026,0.045
P646s,V630s,V641s,True,False,8.9536,0.0545,0.0029,0.047,0.00285,0.026,0.045
P647s,V641s,V642s,True,False,17.7119,0.0545,0.0029,0.047,0.00285,0.026,0.045
P648s,V642s,V643s,True,False,18.0856,0.0545,0.0029,0.047,0.00285,0.026,0.045
P649s,V643s,V644s,True,False,0.6116,0.0545,0.0029,0.047,0.00285,0.026,0.045
P650s,V644s,V645s,True,False,24.0988,0.0285,0.0026,0.043,0.00265,0.026,0.045
P651s,V643s,V646s,True,False,54.6713,0.0545,0.0029,0.047,0.00285,0.026,0.045
P652s,V646s,V647s,True,False,15.4171,0.0545,0.0029,0.047,0.00285,0.026,0.045
P653s,V642s,V648s,True,False,2.2874,0.0285,0.0026,0.043,0.00265,0.026,0.045
P654s,V641s,V649s,True,False,0.5578,0.0545,0.0029,0.047,0.00285,0.026,0.045
P655s,V649s,V650s,True,False,2.8347,0.0372,0.0026,0.046,0.0028,0.026,0.045
P656s,V650s,V651s,True,False,0.4691,0.0372,0.0026,0.046,0.0028,0.026,0.045
P657s,V651s,V652s,True,False,0.3857,0.0372,0.0026,0.046,0.0028,0.026,0.045
P658s,V629s,V653s,True,False,6.7021,0.0285,0.0026,0.043,0.00265,0.026,0.045
P659s,V627s,V654s,True,False,25.7704,0.263,0.005,0.107,0.0065,0.027,0.045
P660s,V654s,V655s,True,False,14.4729,0.0372,0.0026,0.046,0.0028,0.026,0.045
P661s,V625s,V656s,True,False,30.309,0.0545,0.0029,0.047,0.00285,0.026,0.045
P662s,V656s,V657s,True,False,2.0652,0.0545,0.0029,0.047,0.00285,0.026,0.045
P663s,V657s,V658s,True,False,0.5751,0.0545,0.0029,0.047,0.00285,0.026,0.045
P664s,V658s,V659s,True,False,19.1807,0.0431,0.0026,0.043,0.00285,0.026,0.045
P665s,V659s,V660s,True,False,3.3202,0.0285,0.0026,0.043,0.00265,0.026,0.045
P666s,V659s,V661s,True,False,17.274,0.0431,0.0026,0.043,0.00285,0.026,0.045
P667s,V661s,V662s,True,False,0.5079,0.0431,0.0026,0.043,0.00285,0.026,0.045
P668s,V662s,V663s,True,False,18.4188,0.0285,0.0026,0.043,0.00265,0.026,0.045
P669s,V618s,V664s,True,False,23.0405,0.1603,0.004,0.068,0.00535,0.026,0.045
P670s,V664s,V665s,True,False,46.8459,0.1603,0.004,0.068,0.00535,0.026,0.045
P671s,V665s,V666s,True,False,33.7051,0.0372,0.0026,0.046,0.0028,0.026,0.045
P672s,V666s,V667s,True,False,1.9307,0.0372,0.0026,0.046,0.0028,0.026,0.045
P673s,V666s,V668s,True,False,1.9574,0.0372,0.0026,0.046,0.0028,0.026,0.045
P674s,V617s,V669s,True,False,20.2314,0.0703,0.0029,0.049,0.00295,0.026,0.045
P675s,V669s,V670s,True,False,12.7202,0.0285,0.0026,0.043,0.00265,0.026,0.045
P676s,V669s,V671s,True,False,4.7427,0.0703,0.0029,0.049,0.00295,0.026,0.045
P677s,V671s,V672s,True,True,0.3,0.0703,0.0029,0.049,0.00295,0.026,0.045
P678s,V672s,V673s,True,True,4.3195,0.0703,0.0029,0.049,0.00295,0.026,0.045
P679s,V673s,V674s,True,True,6.7192,0.0703,0.0029,0.049,0.00295,0.026,0.045
P680s,V674s,V675s,True,True,34.1362,0.0703,0.0029,0.049,0.00295,0.026,0.045
P0r,V1r,V0r,False,False,5.1116,0.263,0.005,0.107,0.0065,0.027,0.045
P1r,V2r,V1r,False,False,55.4712,0.1603,0.004,0.068,0.00535,0.026,0.045
P2r,V3r,V2r,False,False,0.8918,0.1603,0.004,0.068,0.00535,0.026,0.045
P3r,V4r,V3r,False,False,2.0717,0.1071,0.0036,0.064,0.00385,0.026,0.045
P4r,V5r,V4r,False,False,65.1147,0.0825,0.0032,0.052,0.00355,0.026,0.045
P5r,V6r,V5r,False,False,43.4233,0.0703,0.0029,0.049,0.00295,0.026,0.045
P6r,V7r,V6r,False,False,8.4549,0.0703,0.0029,0.049,0.00295,0.026,0.045
P7r,V8r,V7r,False,False,8.8258,0.0703,0.0029,0.049,0.00295,0.026,0.045
P8r,V9r,V8r,False,False,42.6789,0.0431,0.0026,0.043,0.00285,0.026,0.045
P9r,V10r,V9r,False,False,18.7971,0.0431,0.0026,0.043,0.00285,0.026,0.045
P10r,V11r,V10r,False,False,50.0326,0.0431,0.0026,0.043,0.00285,0.026,0.045
P11r,V12r,V11r,False,False,12.9061,0.0431,0.0026,0.043,0.00285,0.026,0.045
P12r,V13r,V12r,False,False,7.9136,0.0431,0.0026,0.043,0.00285,0.026,0.045
P13r,V14r,V13r,False,True,6.7866,0.0431,0.0026,0.043,0.00285,0.026,0.045
P14r,V15r,V14r,False,True,3.4093,0.0431,0.0026,0.043,0.00285,0.026,0.045
P15r,V16r,V12r,False,False,0.8157,0.0372,0.0026,0.046,0.0028,0.026,0.045
P16r,V17r,V16r,False,False,6.8262,0.0372,0.0026,0.046,0.0028,0.026,0.045
P17r,V18r,V17r,False,False,17.7037,0.0285,0.0026,0.043,0.00265,0.026,0.045
P18r,V19r,V8r,False,False,3.2202,0.0703,0.0029,0.049,0.00295,0.026,0.045
P19r,V20r,V19r,False,False,8.7315,0.0703,0.0029,0.049,0.00295,0.026,0.045
P20r,V21r,V20r,False,False,25.7075,0.0703,0.0029,0.049,0.00295,0.026,0.045
P21r,V22r,V21r,False,False,27.4818,0.0703,0.0029,0.049,0.00295,0.026,0.045
P22r,V23r,V22r,False,False,0.6447,0.0703,0.0029,0.049,0.00295,0.026,0.045
P23r,V24r,V23r,False,False,48.7341,0.0545,0.0029,0.047,0.00285,0.026,0.045
P24r,V25r,V24r,False,False,32.1516,0.0545,0.0029,0.047,0.00285,0.026,0.045
P25r,V26r,V25r,False,False,17.1448,0.0545,0.0029,0.047,0.00285,0.026,0.045
P26r,V27r,V26r,False,False,0.4699,0.0431,0.0026,0.043,0.00285,0.026,0.045
P27r,V28r,V27r,False,False,1.7498,0.0372,0.0026,0.046,0.0028,0.026,0.045
P28r,V29r,V25r,False,False,1.051,0.0431,0.0026,0.043,0.00285,0.026,0.045
P29r,V30r,V29r,False,False,1.8058,0.0372,0.0026,0.046,0.0028,0.026,0.045
P30r,V31r,V30r,False,True,0.6975,0.0372,0.0026,0.046,0.0028,0.026,0.045
P31r,V32r,V31r,False,True,0.1376,0.0372,0.0026,0.046,0.0028,0.026,0.045
P32r,V33r,V5r,False,False,0.5398,0.0825,0.0032,0.052,0.00355,0.026,0.045
P33r,V34r,V33r,False,False,5.4838,0.0703,0.0029,0.049,0.00295,0.026,0.045
P34r,V35r,V34r,False,False,2.2447,0.0703,0.0029,0.049,0.00295,0.026,0.045
P35r,V36r,V35r,False,False,81.5562,0.0703,0.0029,0.049,0.00295,0.026,0.045
P36r,V37r,V36r,False,False,63.7125,0.0545,0.0029,0.047,0.00285,0.026,0.045
P37r,V38r,V37r,False,False,54.8002,0.0545,0.0029,0.047,0.00285,0.026,0.045
P38r,V39r,V1r,False,False,55.7123,0.2101,0.0045,0.084,0.00645,0.027,0.045
P39r,V40r,V39r,False,False,50.6965,0.2101,0.0045,0.084,0.00645,0.027,0.045
P40r,V41r,V40r,False,False,13.7682,0.2101,0.0045,0.084,0.00645,0.027,0.045
P41r,V42r,V41r,False,False,46.1667,0.2101,0.0045,0.084,0.00645,0.027,0.045
P42r,V43r,V42r,False,False,4.1004,0.0285,0.0026,0.043,0.00265,0.026,0.045
P43r,V44r,V43r,False,False,5.577,0.0285,0.0026,0.043,0.00265,0.026,0.045
P44r,V45r,V42r,False,False,91.9127,0.2101,0.0045,0.084,0.00645,0.027,0.045
P45r,V46r,V45r,False,False,13.1069,0.2101,0.0045,0.084,0.00645,0.027,0.045
P46r,V47r,V46r,False,False,30.3569,0.2101,0.0045,0.084,0.00645,0.027,0.045
P47r,V48r,V47r,False,False,14.2292,0.2101,0.0045,0.084,0.00645,0.027,0.045
P48r,V49r,V48r,False,False,42.0541,0.2101,0.0045,0.084,0.00645,0.027,0.045
P49r,V50r,V49r,False,False,64.4701,0.2101,0.0045,0.084,0.00645,0.027,0.045
P50r,V51r,V50r,False,False,21.2344,0.2101,0.0045,0.084,0.00645,0.027,0.045
P51r,V52r,V51r,False,False,20.3124,0.2101,0.0045,0.084,0.00645,0.027,0.045
P52r,V53r,V52r,False,False,28.5253,0.2101,0.0045,0.084,0.00645,0.027,0.045
P53r,V54r,V53r,False,False,6.4235,0.2101,0.0045,0.084,0.00645,0.027,0.045
P54r,V55r,V54r,False,False,11.8848,0.2101,0.0045,0.084,0.00645,0.027,0.045
P55r,V56r,V55r,False,False,27.6104,0.2101,0.0045,0.084,0.00645,0.027,0.045
P56r,V57r,V56r,False,False,34.5063,0.0825,0.0032,0.052,0.00355,0.026,0.045
P57r,V58r,V57r,False,False,12.3613,0.0703,0.0029,0.049,0.00295,0.026,0.045
P58r,V59r,V58r,False,False,10.7721,0.0703,0.0029,0.049,0.00295,0.026,0.045
P59r,V60r,V59r,False,False,17.7095,0.0703,0.0029,0.049,0.00295,0.026,0.045
P60r,V61r,V60r,False,False,34.5356,0.0545,0.0029,0.047,0.00285,0.026,0.045
P61r,V62r,V61r,False,False,3.7097,0.0545,0.0029,0.047,0.00285,0.026,0.045
P62r,V63r,V62r,False,False,11.9627,0.0431,0.0026,0.043,0.00285,0.026,0.045
P63r,V64r,V63r,False,False,29.9318,0.0372,0.0026,0.046,0.0028,0.026,0.045
P64r,V65r,V61r,False,False,2.459,0.0372,0.0026,0.046,0.0028,0.026,0.045
P65r,V66r,V65r,False,False,3.4852,0.0372,0.0026,0.046,0.0028,0.026,0.045
P66r,V67r,V66r,False,False,0.575,0.0372,0.0026,0.046,0.0028,0.026,0.045
P67r,V68r,V66r,False,False,1.8575,0.0372,0.0026,0.046,0.0028,0.026,0.045
P68r,V69r,V57r,False,False,63.1426,0.0825,0.0032,0.052,0.00355,0.026,0.045
P69r,V70r,V69r,False,False,23.344,0.0545,0.0029,0.047,0.00285,0.026,0.045
P70r,V71r,V70r,False,False,0.1876,0.0545,0.0029,0.047,0.00285,0.026,0.045
P71r,V72r,V71r,False,False,4.8514,0.0703,0.0029,0.049,0.00295,0.026,0.045
P72r,V73r,V72r,False,False,56.1053,0.0703,0.0029,0.049,0.00295,0.026,0.045
P73r,V74r,V73r,False,False,14.4709,0.0703,0.0029,0.049,0.00295,0.026,0.045
P74r,V75r,V74r,False,False,27.1715,0.0545,0.0029,0.047,0.00285,0.026,0.045
P75r,V76r,V73r,False,False,9.3775,0.0372,0.0026,0.046,0.0028,0.026,0.045
P76r,V77r,V76r,False,False,22.4277,0.0372,0.0026,0.046,0.0028,0.026,0.045
P77r,V78r,V69r,False,False,48.8406,0.0825,0.0032,0.052,0.00355,0.026,0.045
P78r,V79r,V78r,False,False,3.8033,0.1071,0.0036,0.064,0.00385,0.026,0.045
P79r,V80r,V79r,False,False,8.8438,0.1071,0.0036,0.064,0.00385,0.026,0.045
P80r,V81r,V80r,False,False,32.5935,0.1071,0.0036,0.064,0.00385,0.026,0.045
P81r,V82r,V81r,False,False,27.0058,0.0372,0.0026,0.046,0.0028,0.026,0.045
P82r,V83r,V81r,False,False,13.549,0.1071,0.0036,0.064,0.00385,0.026,0.045
P83r,V84r,V83r,False,False,11.7653,0.0431,0.0026,0.043,0.00285,0.026,0.045
P84r,V85r,V84r,False,False,0.0801,0.0431,0.0026,0.043,0.00285,0.026,0.045
P85r,V86r,V85r,False,False,27.851,0.0545,0.0029,0.047,0.00285,0.026,0.045
P86r,V87r,V83r,False,False,44.5803,0.1071,0.0036,0.064,0.00385,0.026,0.045
P87r,V88r,V87r,False,False,15.507,0.1603,0.004,0.068,0.00535,0.026,0.045
P88r,V89r,V88r,False,False,40.786,0.2101,0.0045,0.084,0.00645,0.027,0.045
P89r,V90r,V89r,False,False,18.1687,0.2101,0.0045,0.084,0.00645,0.027,0.045
P90r,V91r,V90r,False,False,39.7531,0.2101,0.0045,0.084,0.00645,0.027,0.045
P91r,V92r,V91r,False,False,11.0688,0.2101,0.0045,0.084,0.00645,0.027,0.045
P92r,V93r,V92r,False,False,19.1068,0.2101,0.0045,0.084,0.00645,0.027,0.045
P93r,V94r,V93r,False,False,10.3096,0.2101,0.0045,0.084,0.00645,0.027,0.045
P94r,V95r,V94r,False,False,50.5543,0.2101,0.0045,0.084,0.00645,0.027,0.045
P95r,V96r,V95r,False,False,6.2246,0.2101,0.0045,0.084,0.00645,0.027,0.045
P96r,V97r,V96r,False,False,4.8074,0.0825,0.0032,0.052,0.00355,0.026,0.045
P97r,V98r,V97r,False,False,19.9261,0.0825,0.0032,0.052,0.00355,0.026,0.045
P98r,V99r,V98r,False,False,0.6999,0.0825,0.0032,0.052,0.00355,0.026,0.045
P99r,V100r,V99r,False,False,0.7699,0.0703,0.0029,0.049,0.00295,0.026,0.045
P100r,V101r,V100r,False,False,38.8992,0.0703,0.0029,0.049,0.00295,0.026,0.045
P101r,V102r,V98r,False,False,3.1288,0.0545,0.0029,0.047,0.00285,0.026,0.045
P102r,V103r,V102r,False,False,12.4405,0.0545,0.0029,0.047,0.00285,0.026,0.045
P103r,V104r,V96r,False,False,9.1264,0.2101,0.0045,0.084,0.00645,0.027,0.045
P104r,V105r,V104r,False,False,74.1344,0.2101,0.0045,0.084,0.00645,0.027,0.045
P105r,V106r,V105r,False,False,47.4621,0.2101,0.0045,0.084,0.00645,0.027,0.045
P106r,V107r,V106r,False,False,3.6671,0.2101,0.0045,0.084,0.00645,0.027,0.045
P107r,V108r,V107r,False,False,31.5217,0.2101,0.0045,0.084,0.00645,0.027,0.045
P108r,V109r,V108r,False,False,34.3544,0.2101,0.0045,0.084,0.00645,0.027,0.045
P109r,V110r,V109r,False,False,20.6245,0.0545,0.0029,0.047,0.00285,0.026,0.045
P110r,V111r,V110r,False,False,2.06,0.0545,0.0029,0.047,0.00285,0.026,0.045
P111r,V112r,V110r,False,False,1.93,0.0545,0.0029,0.047,0.00285,0.026,0.045
P112r,V113r,V109r,False,False,17.037,0.2101,0.0045,0.084,0.00645,0.027,0.045
P113r,V114r,V113r,False,False,8.1886,0.2101,0.0045,0.084,0.00645,0.027,0.045
P114r,V115r,V114r,False,False,22.5794,0.2101,0.0045,0.084,0.00645,0.027,0.045
P115r,V116r,V115r,False,False,4.8645,0.2101,0.0045,0.084,0.00645,0.027,0.045
P116r,V117r,V116r,False,False,10.0506,0.0545,0.0029,0.047,0.00285,0.026,0.045
P117r,V118r,V117r,False,True,16.939,0.0545,0.0029,0.047,0.00285,0.026,0.045
P118r,V119r,V118r,False,False,8.6255,0.0545,0.0029,0.047,0.00285,0.026,0.045
P119r,V120r,V119r,False,True,15.322,0.0545,0.0029,0.047,0.00285,0.026,0.045
P120r,V121r,V116r,False,False,11.9255,0.2101,0.0045,0.084,0.00645,0.027,0.045
P121r,V122r,V121r,False,False,27.4901,0.2101,0.0045,0.084,0.00645,0.027,0.045
P122r,V123r,V122r,False,False,1.2432,0.2101,0.0045,0.084,0.00645,0.027,0.045
P123r,V124r,V123r,False,False,32.6738,0.1603,0.004,0.068,0.00535,0.026,0.045
P124r,V125r,V124r,False,False,24.6363,0.1603,0.004,0.068,0.00535,0.026,0.045
P125r,V126r,V125r,False,False,0.825,0.1603,0.004,0.068,0.00535,0.026,0.045
P126r,V127r,V126r,False,False,25.0336,0.1325,0.0036,0.066,0.00415,0.026,0.045
P127r,V128r,V127r,False,False,27.052,0.0372,0.0026,0.046,0.0028,0.026,0.045
P128r,V129r,V128r,False,False,11.9161,0.0372,0.0026,0.046,0.0028,0.026,0.045
P129r,V130r,V129r,False,False,4.6043,0.0372,0.0026,0.046,0.0028,0.026,0.045
P130r,V131r,V127r,False,False,17.6375,0.1325,0.0036,0.066,0.00415,0.026,0.045
P131r,V132r,V131r,False,False,10.3104,0.1325,0.0036,0.066,0.00415,0.026,0.045
P132r,V133r,V132r,False,False,16.1822,0.0431,0.0026,0.043,0.00285,0.026,0.045
P133r,V134r,V133r,False,False,13.7201,0.0431,0.0026,0.043,0.00285,0.026,0.045
P134r,V135r,V134r,False,False,8.6595,0.0431,0.0026,0.043,0.00285,0.026,0.045
P135r,V136r,V135r,False,False,1.7413,0.0431,0.0026,0.043,0.00285,0.026,0.045
P136r,V137r,V136r,False,False,0.1885,0.0372,0.0026,0.046,0.0028,0.026,0.045
P137r,V138r,V137r,False,False,13.7085,0.0372,0.0026,0.046,0.0028,0.026,0.045
P138r,V139r,V138r,False,False,1.32,0.0372,0.0026,0.046,0.0028,0.026,0.045
P139r,V140r,V139r,False,True,0.92,0.0372,0.0026,0.046,0.0028,0.026,0.045
P140r,V141r,V139r,False,True,5.29,0.0372,0.0026,0.046,0.0028,0.026,0.045
P141r,V142r,V135r,False,False,4.309,0.0372,0.0026,0.046,0.0028,0.026,0.045
P142r,V143r,V132r,False,False,36.0338,0.1325,0.0036,0.066,0.00415,0.026,0.045
P143r,V144r,V143r,False,False,8.1625,0.1325,0.0036,0.066,0.00415,0.026,0.045
P144r,V145r,V144r,False,False,53.9683,0.0285,0.0026,0.043,0.00265,0.026,0.045
P145r,V146r,V145r,False,False,23.107,0.0285,0.0026,0.043,0.00265,0.026,0.045
P146r,V147r,V146r,False,False,59.7202,0.1325,0.0036,0.066,0.00415,0.026,0.045
P147r,V148r,V147r,False,False,0.8355,0.1603,0.004,0.068,0.00535,0.026,0.045
P148r,V149r,V148r,False,False,11.4926,0.1603,0.004,0.068,0.00535,0.026,0.045
P149r,V150r,V149r,False,False,4.0314,0.1603,0.004,0.068,0.00535,0.026,0.045
P150r,V151r,V150r,False,False,24.4597,0.1603,0.004,0.068,0.00535,0.026,0.045
P151r,V152r,V151r,False,False,4.7246,0.1603,0.004,0.068,0.00535,0.026,0.045
P152r,V153r,V152r,False,False,26.6636,0.1603,0.004,0.068,0.00535,0.026,0.045
P153r,V154r,V153r,False,False,13.5587,0.1603,0.004,0.068,0.00535,0.026,0.045
P154r,V155r,V154r,False,False,1.1382,0.1071,0.0036,0.064,0.00385,0.026,0.045
P155r,V156r,V155r,False,False,22.7819,0.0825,0.0032,0.052,0.00355,0.026,0.045
P156r,V157r,V156r,False,False,37.2572,0.0703,0.0029,0.049,0.00295,0.026,0.045
P157r,V158r,V157r,False,False,2.4369,0.0431,0.0026,0.043,0.00285,0.026,0.045
P158r,V159r,V157r,False,False,15.3007,0.0703,0.0029,0.049,0.00295,0.026,0.045
P159r,V160r,V159r,False,False,1.9488,0.0372,0.0026,0.046,0.0028,0.026,0.045
P160r,V161r,V160r,False,True,14.9935,0.0372,0.0026,0.046,0.0028,0.026,0.045
P161r,V162r,V154r,False,False,8.5572,0.1603,0.004,0.068,0.00535,0.026,0.045
P162r,V163r,V162r,False,True,15.0508,0.1325,0.0036,0.066,0.00415,0.026,0.045
P163r,V164r,V163r,False,True,54.2016,0.1325,0.0036,0.066,0.00415,0.026,0.045
P164r,V165r,V164r,False,True,2.8497,0.1325,0.0036,0.066,0.00415,0.026,0.045
P165r,V166r,V165r,False,True,1.4998,0.1325,0.0036,0.066,0.00415,0.026,0.045
P166r,V167r,V166r,False,False,92.0967,0.1325,0.0036,0.066,0.00415,0.026,0.045
P167r,V168r,V167r,False,False,28.7919,0.1325,0.0036,0.066,0.00415,0.026,0.045
P168r,V169r,V168r,False,False,4.6334,0.1325,0.0036,0.066,0.00415,0.026,0.045
P169r,V170r,V169r,False,False,29.7925,0.1325,0.0036,0.066,0.00415,0.026,0.045
P170r,V171r,V170r,False,False,17.0336,0.1325,0.0036,0.066,0.00415,0.026,0.045
P171r,V172r,V171r,False,False,19.5706,0.0372,0.0026,0.046,0.0028,0.026,0.045
P172r,V173r,V171r,False,False,11.7554,0.1325,0.0036,0.066,0.00415,0.026,0.045
P173r,V174r,V173r,False,False,18.2165,0.1325,0.0036,0.066,0.00415,0.026,0.045
P174r,V175r,V174r,False,False,4.2271,0.1325,0.0036,0.066,0.00415,0.026,0.045
P175r,V176r,V175r,False,False,1.5971,0.1603,0.004,0.068,0.00535,0.026,0.045
P176r,V177r,V176r,False,False,11.1962,0.1603,0.004,0.068,0.00535,0.026,0.045
P177r,V178r,V177r,False,False,23.5699,0.0703,0.0029,0.049,0.00295,0.026,0.045
P178r,V179r,V178r,False,False,0.6499,0.0703,0.0029,0.049,0.00295,0.026,0.045
P179r,V180r,V179r,False,False,31.6016,0.0372,0.0026,0.046,0.0028,0.026,0.045
P180r,V181r,V177r,False,False,73.4795,0.1603,0.004,0.068,0.00535,0.026,0.045
P181r,V182r,V181r,False,False,32.4094,0.1603,0.004,0.068,0.00535,0.026,0.045
P182r,V183r,V182r,False,False,61.8993,0.1603,0.004,0.068,0.00535,0.026,0.045
P183r,V184r,V183r,False,False,47.5244,0.1603,0.004,0.068,0.00535,0.026,0.045
P184r,V185r,V184r,False,False,10.3195,0.1603,0.004,0.068,0.00535,0.026,0.045
P185r,V186r,V185r,False,False,19.8052,0.0545,0.0029,0.047,0.00285,0.026,0.045
P186r,V187r,V186r,False,False,1.7897,0.0545,0.0029,0.047,0.00285,0.026,0.045
P187r,V188r,V187r,False,False,3.1252,0.0545,0.0029,0.047,0.00285,0.026,0.045
P188r,V189r,V187r,False,False,1.8001,0.0545,0.0029,0.047,0.00285,0.026,0.045
P189r,V190r,V185r,False,False,8.7928,0.1603,0.004,0.068,0.00535,0.026,0.045
P190r,V191r,V190r,False,False,30.1534,0.1603,0.004,0.068,0.00535,0.026,0.045
P191r,V192r,V191r,False,False,22.4911,0.1603,0.004,0.068,0.00535,0.026,0.045
P192r,V193r,V192r,False,False,11.4545,0.1603,0.004,0.068,0.00535,0.026,0.045
P193r,V194r,V193r,False,False,51.0103,0.1603,0.004,0.068,0.00535,0.026,0.045
P194r,V195r,V194r,False,False,63.4179,0.1603,0.004,0.068,0.00535,0.026,0.045
P195r,V196r,V195r,False,False,4.4785,0.1603,0.004,0.068,0.00535,0.026,0.045
P196r,V197r,V196r,False,False,11.957,0.1603,0.004,0.068,0.00535,0.026,0.045
P197r,V198r,V197r,False,False,0.6374,0.1603,0.004,0.068,0.00535,0.026,0.045
P198r,V199r,V198r,False,False,6.7952,0.1603,0.004,0.068,0.00535,0.026,0.045
P199r,V200r,V199r,False,False,17.4827,0.1603,0.004,0.068,0.00535,0.026,0.045
P200r,V107r,V200r,False,False,7.9202,0.1603,0.004,0.068,0.00535,0.026,0.045
P201r,V201r,V194r,False,False,0.7999,0.1603,0.004,0.068,0.00535,0.026,0.045
P202r,V202r,V201r,False,False,49.1619,0.1325,0.0036,0.066,0.00415,0.026,0.045
P203r,V203r,V202r,False,False,40.6528,0.0545,0.0029,0.047,0.00285,0.026,0.045
P204r,V204r,V202r,False,False,13.0494,0.1325,0.0036,0.066,0.00415,0.026,0.045
P205r,V205r,V204r,False,False,92.1365,0.1325,0.0036,0.066,0.00415,0.026,0.045
P206r,V206r,V205r,False,True,2.4984,0.1325,0.0036,0.066,0.00415,0.026,0.045
P207r,V207r,V206r,False,True,2.0893,0.1325,0.0036,0.066,0.00415,0.026,0.045
P208r,V208r,V207r,False,True,15.5756,0.0703,0.0029,0.049,0.00295,0.026,0.045
P209r,V209r,V208r,False,True,0.3277,0.0703,0.0029,0.049,0.00295,0.026,0.045
P210r,V210r,V208r,False,True,35.5235,0.0703,0.0029,0.049,0.00295,0.026,0.045
P211r,V211r,V210r,False,True,15.7991,0.0703,0.0029,0.049,0.00295,0.026,0.045
P212r,V212r,V211r,False,False,6.4121,0.0703,0.0029,0.049,0.00295,0.026,0.045
P213r,V213r,V212r,False,False,32.2589,0.0545,0.0029,0.047,0.00285,0.026,0.045
P214r,V214r,V213r,False,False,7.6106,0.0545,0.0029,0.047,0.00285,0.026,0.045
P215r,V215r,V210r,False,True,4.446,0.0703,0.0029,0.049,0.00295,0.026,0.045
P216r,V216r,V215r,False,True,20.118,0.0703,0.0029,0.049,0.00295,0.026,0.045
P217r,V217r,V215r,False,True,0.863,0.0703,0.0029,0.049,0.00295,0.026,0.045
P218r,V218r,V204r,False,False,20.9503,0.0372,0.0026,0.046,0.0028,0.026,0.045
P219r,V219r,V191r,False,False,6.462,0.0825,0.0032,0.052,0.00355,0.026,0.045
P220r,V220r,V219r,False,False,43.4723,0.0825,0.0032,0.052,0.00355,0.026,0.045
P221r,V221r,V220r,False,False,43.519,0.0703,0.0029,0.049,0.00295,0.026,0.045
P222r,V222r,V183r,False,False,9.8424,0.1071,0.0036,0.064,0.00385,0.026,0.045
P223r,V223r,V222r,False,False,27.3276,0.1071,0.0036,0.064,0.00385,0.026,0.045
P224r,V224r,V223r,False,False,27.906,0.1071,0.0036,0.064,0.00385,0.026,0.045
P225r,V225r,V224r,False,False,24.339,0.1071,0.0036,0.064,0.00385,0.026,0.045
P226r,V226r,V225r,False,False,30.5287,0.0372,0.0026,0.046,0.0028,0.026,0.045
P227r,V227r,V225r,False,False,3.0945,0.1071,0.0036,0.064,0.00385,0.026,0.045
P228r,V228r,V227r,False,False,19.6691,0.1071,0.0036,0.064,0.00385,0.026,0.045
P229r,V229r,V228r,False,False,5.7177,0.1071,0.0036,0.064,0.00385,0.026,0.045
P230r,V230r,V229r,False,False,0.6497,0.1071,0.0036,0.064,0.00385,0.026,0.045
P231r,V231r,V230r,False,False,31.3555,0.0825,0.0032,0.052,0.00355,0.026,0.045
P232r,V232r,V231r,False,False,3.506,0.0825,0.0032,0.052,0.00355,0.026,0.045
P233r,V233r,V232r,False,False,34.9675,0.0372,0.0026,0.046,0.0028,0.026,0.045
P234r,V234r,V233r,False,False,1.6415,0.0372,0.0026,0.046,0.0028,0.026,0.045
P235r,V235r,V232r,False,False,15.4837,0.0825,0.0032,0.052,0.00355,0.026,0.045
P236r,V143r,V235r,False,False,1.3104,0.1325,0.0036,0.066,0.00415,0.026,0.045
P237r,V236r,V175r,False,False,55.1726,0.1603,0.004,0.068,0.00535,0.026,0.045
P238r,V237r,V236r,False,False,41.3633,0.1603,0.004,0.068,0.00535,0.026,0.045
P239r,V238r,V237r,False,False,0.6322,0.1603,0.004,0.068,0.00535,0.026,0.045
P240r,V239r,V238r,False,False,33.3874,0.1325,0.0036,0.066,0.00415,0.026,0.045
P241r,V240r,V239r,False,False,38.2146,0.1325,0.0036,0.066,0.00415,0.026,0.045
P242r,V241r,V240r,False,False,2.4423,0.1325,0.0036,0.066,0.00415,0.026,0.045
P243r,V242r,V241r,False,False,42.7372,0.1325,0.0036,0.066,0.00415,0.026,0.045
P244r,V243r,V242r,False,False,3.3458,0.1325,0.0036,0.066,0.00415,0.026,0.045
P245r,V244r,V243r,False,False,18.0528,0.1325,0.0036,0.066,0.00415,0.026,0.045
P246r,V245r,V244r,False,False,9.7436,0.1325,0.0036,0.066,0.00415,0.026,0.045
P247r,V246r,V245r,False,False,7.2783,0.0431,0.0026,0.043,0.00285,0.026,0.045
P248r,V247r,V245r,False,False,36.851,0.1325,0.0036,0.066,0.00415,0.026,0.045
P249r,V248r,V247r,False,False,2.7637,0.1325,0.0036,0.066,0.00415,0.026,0.045
P250r,V249r,V248r,False,False,11.249,0.1071,0.0036,0.064,0.00385,0.026,0.045
P251r,V250r,V249r,False,False,15.0322,0.1071,0.0036,0.064,0.00385,0.026,0.045
P252r,V251r,V250r,False,False,27.5411,0.1071,0.0036,0.064,0.00385,0.026,0.045
P253r,V252r,V251r,False,True,8.3312,0.1071,0.0036,0.064,0.00385,0.026,0.045
P254r,V253r,V252r,False,True,43.4574,0.1071,0.0036,0.064,0.00385,0.026,0.045
P255r,V254r,V253r,False,False,27.3935,0.1071,0.0036,0.064,0.00385,0.026,0.045
P256r,V255r,V254r,False,False,3.2475,0.1071,0.0036,0.064,0.00385,0.026,0.045
P257r,V256r,V255r,False,False,3.7919,0.1071,0.0036,0.064,0.00385,0.026,0.045
P258r,V257r,V256r,False,False,33.4326,0.1071,0.0036,0.064,0.00385,0.026,0.045
P259r,V258r,V257r,False,False,0.6499,0.1071,0.0036,0.064,0.00385,0.026,0.045
P260r,V259r,V258r,False,False,65.9785,0.0825,0.0032,0.052,0.00355,0.026,0.045
P261r,V260r,V259r,False,False,20.269,0.0431,0.0026,0.043,0.00285,0.026,0.045
P262r,V261r,V259r,False,False,104.7571,0.0825,0.0032,0.052,0.00355,0.026,0.045
P263r,V262r,V261r,False,False,7.3614,0.0545,0.0029,0.047,0.00285,0.026,0.045
P264r,V263r,V262r,False,False,2.0279,0.0545,0.0029,0.047,0.00285,0.026,0.045
P265r,V264r,V263r,False,False,0.997,0.0372,0.0026,0.046,0.0028,0.026,0.045
P266r,V265r,V263r,False,False,38.7587,0.0431,0.0026,0.043,0.00285,0.026,0.045
P267r,V266r,V265r,False,False,7.5608,0.0372,0.0026,0.046,0.0028,0.026,0.045
P268r,V267r,V265r,False,False,32.3717,0.0372,0.0026,0.046,0.0028,0.026,0.045
P269r,V268r,V257r,False,False,76.6373,0.0545,0.0029,0.047,0.00285,0.026,0.045
P270r,V269r,V268r,False,False,8.9357,0.0545,0.0029,0.047,0.00285,0.026,0.045
P271r,V270r,V269r,False,False,2.3604,0.0372,0.0026,0.046,0.0028,0.026,0.045
P272r,V271r,V270r,False,False,33.3036,0.0372,0.0026,0.046,0.0028,0.026,0.045
P273r,V272r,V268r,False,False,26.2683,0.0285,0.0026,0.043,0.00265,0.026,0.045
P274r,V273r,V252r,False,True,16.4148,0.0545,0.0029,0.047,0.00285,0.026,0.045
P275r,V274r,V273r,False,True,1.1369,0.0545,0.0029,0.047,0.00285,0.026,0.045
P276r,V275r,V247r,False,False,6.223,0.0545,0.0029,0.047,0.00285,0.026,0.045
P277r,V276r,V243r,False,False,15.5834,0.0545,0.0029,0.047,0.00285,0.026,0.045
P278r,V277r,V242r,False,False,2.1955,0.0545,0.0029,0.047,0.00285,0.026,0.045
P279r,V278r,V277r,False,False,10.1606,0.0545,0.0029,0.047,0.00285,0.026,0.045
P280r,V279r,V240r,False,False,9.8277,0.0703,0.0029,0.049,0.00295,0.026,0.045
P281r,V280r,V236r,False,False,28.7476,0.0285,0.0026,0.043,0.00265,0.026,0.045
P282r,V281r,V280r,False,False,3.6558,0.0285,0.0026,0.043,0.00265,0.026,0.045
P283r,V282r,V281r,False,False,1.4392,0.0285,0.0026,0.043,0.00265,0.026,0.045
P284r,V283r,V281r,False,False,0.7299,0.0285,0.0026,0.043,0.00265,0.026,0.045
P285r,V284r,V170r,False,False,42.294,0.0703,0.0029,0.049,0.00295,0.026,0.045
P286r,V285r,V284r,False,False,12.031,0.0703,0.0029,0.049,0.00295,0.026,0.045
P287r,V286r,V285r,False,False,3.0395,0.0545,0.0029,0.047,0.00285,0.026,0.045
P288r,V287r,V286r,False,False,39.7891,0.0545,0.0029,0.047,0.00285,0.026,0.045
P289r,V288r,V287r,False,False,23.4793,0.0545,0.0029,0.047,0.00285,0.026,0.045
P290r,V289r,V288r,False,False,0.627,0.0431,0.0026,0.043,0.00285,0.026,0.045
P291r,V290r,V289r,False,False,47.8457,0.0431,0.0026,0.043,0.00285,0.026,0.045
P292r,V291r,V290r,False,False,2.7759,0.0285,0.0026,0.043,0.00265,0.026,0.045
P293r,V292r,V288r,False,False,7.3464,0.0372,0.0026,0.046,0.0028,0.026,0.045
P294r,V293r,V287r,False,False,2.7773,0.0372,0.0026,0.046,0.0028,0.026,0.045
P295r,V294r,V285r,False,False,0.6298,0.0703,0.0029,0.049,0.00295,0.026,0.045
P296r,V295r,V294r,False,False,2.16,0.0545,0.0029,0.047,0.00285,0.026,0.045
P297r,V296r,V295r,False,False,14.4827,0.0545,0.0029,0.047,0.00285,0.026,0.045
P298r,V297r,V296r,False,False,17.8495,0.0545,0.0029,0.047,0.00285,0.026,0.045
P299r,V298r,V297r,False,False,9.073,0.0372,0.0026,0.046,0.0028,0.026,0.045
P300r,V299r,V169r,False,False,4.7192,0.0545,0.0029,0.047,0.00285,0.026,0.045
P301r,V300r,V299r,False,False,22.3918,0.0545,0.0029,0.047,0.00285,0.026,0.045
P302r,V301r,V300r,False,False,30.7378,0.0545,0.0029,0.047,0.00285,0.026,0.045
P303r,V302r,V301r,False,False,12.6268,0.0431,0.0026,0.043,0.00285,0.026,0.045
P304r,V303r,V302r,False,False,10.6897,0.0431,0.0026,0.043,0.00285,0.026,0.045
P305r,V304r,V167r,False,False,23.0402,0.0372,0.0026,0.046,0.0028,0.026,0.045
P306r,V305r,V165r,False,False,8.7491,0.1325,0.0036,0.066,0.00415,0.026,0.045
P307r,V306r,V305r,False,True,71.515,0.1325,0.0036,0.066,0.00415,0.026,0.045
P308r,V307r,V164r,False,True,4.5009,0.0703,0.0029,0.049,0.00295,0.026,0.045
P309r,V308r,V307r,False,True,27.4227,0.0703,0.0029,0.049,0.00295,0.026,0.045
P310r,V309r,V308r,False,True,0.609,0.0703,0.0029,0.049,0.00295,0.026,0.045
P311r,V310r,V153r,False,False,1.647,0.0431,0.0026,0.043,0.00285,0.026,0.045
P312r,V311r,V152r,False,False,49.9099,0.1071,0.0036,0.064,0.00385,0.026,0.045
P313r,V312r,V311r,False,False,32.4286,0.0703,0.0029,0.049,0.00295,0.026,0.045
P314r,V313r,V312r,False,False,8.5992,0.0703,0.0029,0.049,0.00295,0.026,0.045
P315r,V314r,V311r,False,False,48.6194,0.1071,0.0036,0.064,0.00385,0.026,0.045
P316r,V315r,V314r,False,False,7.1461,0.1071,0.0036,0.064,0.00385,0.026,0.045
P317r,V316r,V315r,False,False,0.6465,0.1071,0.0036,0.064,0.00385,0.026,0.045
P318r,V317r,V316r,False,False,56.4066,0.0825,0.0032,0.052,0.00355,0.026,0.045
P319r,V318r,V317r,False,False,46.0345,0.0703,0.0029,0.049,0.00295,0.026,0.045
P320r,V319r,V318r,False,False,1.0582,0.0372,0.0026,0.046,0.0028,0.026,0.045
P321r,V320r,V318r,False,False,6.2281,0.0703,0.0029,0.049,0.00295,0.026,0.045
P322r,V321r,V320r,False,False,12.8665,0.0703,0.0029,0.049,0.00295,0.026,0.045
P323r,V322r,V321r,False,False,1.9418,0.0431,0.0026,0.043,0.00285,0.026,0.045
P324r,V323r,V322r,False,False,4.8263,0.0285,0.0026,0.043,0.00265,0.026,0.045
P325r,V324r,V321r,False,False,8.6886,0.0703,0.0029,0.049,0.00295,0.026,0.045
P326r,V325r,V324r,False,False,21.8456,0.0545,0.0029,0.047,0.00285,0.026,0.045
P327r,V326r,V325r,False,False,0.3129,0.0285,0.0026,0.043,0.00265,0.026,0.045
P328r,V327r,V326r,False,False,0.7086,0.0285,0.0026,0.043,0.00265,0.026,0.045
P329r,V328r,V324r,False,False,3.6086,0.0703,0.0029,0.049,0.00295,0.026,0.045
P330r,V329r,V328r,False,False,1.7498,0.0545,0.0029,0.047,0.00285,0.026,0.045
P331r,V330r,V329r,False,False,0.9999,0.0285,0.0026,0.043,0.00265,0.026,0.045
P332r,V331r,V329r,False,False,0.3,0.0545,0.0029,0.047,0.00285,0.026,0.045
P333r,V332r,V331r,False,False,13.9096,0.0431,0.0026,0.043,0.00285,0.026,0.045
P334r,V333r,V332r,False,False,3.0025,0.0285,0.0026,0.043,0.00265,0.026,0.045
P335r,V334r,V317r,False,False,0.5999,0.0825,0.0032,0.052,0.00355,0.026,0.045
P336r,V335r,V334r,False,False,4.2383,0.0703,0.0029,0.049,0.00295,0.026,0.045
P337r,V336r,V335r,False,False,9.9905,0.0545,0.0029,0.047,0.00285,0.026,0.045
P338r,V337r,V336r,False,False,43.4334,0.0545,0.0029,0.047,0.00285,0.026,0.045
P339r,V338r,V337r,False,False,1.172,0.0285,0.0026,0.043,0.00265,0.026,0.045
P340r,V339r,V338r,False,False,2.4497,0.0285,0.0026,0.043,0.00265,0.026,0.045
P341r,V340r,V338r,False,False,0.1277,0.0285,0.0026,0.043,0.00265,0.026,0.045
P342r,V341r,V150r,False,False,41.2932,0.1071,0.0036,0.064,0.00385,0.026,0.045
P343r,V342r,V341r,False,False,13.4229,0.1071,0.0036,0.064,0.00385,0.026,0.045
P344r,V343r,V342r,False,False,11.7818,0.0372,0.0026,0.046,0.0028,0.026,0.045
P345r,V344r,V343r,False,False,10.8959,0.0372,0.0026,0.046,0.0028,0.026,0.045
P346r,V345r,V342r,False,False,54.8601,0.1071,0.0036,0.064,0.00385,0.026,0.045
P347r,V346r,V345r,False,False,14.8463,0.1071,0.0036,0.064,0.00385,0.026,0.045
P348r,V347r,V346r,False,False,28.7623,0.0825,0.0032,0.052,0.00355,0.026,0.045
P349r,V363r,V347r,False,False,13.4934,0.0545,0.0029,0.047,0.00285,0.026,0.045
P350r,V364r,V363r,False,False,2.5498,0.0545,0.0029,0.047,0.00285,0.026,0.045
P351r,V365r,V363r,False,False,0.7332,0.0545,0.0029,0.047,0.00285,0.026,0.045
P352r,V347r,V348r,False,False,5.3156,0.0825,0.0032,0.052,0.00355,0.026,0.045
P353r,V348r,V349r,False,False,9.2802,0.0825,0.0032,0.052,0.00355,0.026,0.045
P354r,V350r,V349r,False,False,4.4039,0.0431,0.0026,0.043,0.00285,0.026,0.045
P355r,V349r,V351r,False,False,36.2622,0.0825,0.0032,0.052,0.00355,0.026,0.045
P356r,V351r,V352r,False,False,1.4645,0.1325,0.0036,0.066,0.00415,0.026,0.045
P357r,V353r,V352r,False,False,0.8308,0.1325,0.0036,0.066,0.00415,0.026,0.045
P358r,V354r,V353r,False,False,23.7293,0.0825,0.0032,0.052,0.00355,0.026,0.045
P359r,V355r,V354r,False,False,6.3882,0.0825,0.0032,0.052,0.00355,0.026,0.045
P360r,V356r,V355r,False,False,0.6059,0.0703,0.0029,0.049,0.00295,0.026,0.045
P361r,V357r,V356r,False,False,16.8788,0.0703,0.0029,0.049,0.00295,0.026,0.045
P362r,V358r,V357r,False,False,0.6599,0.0703,0.0029,0.049,0.00295,0.026,0.045
P363r,V359r,V358r,False,False,2.0645,0.0545,0.0029,0.047,0.00285,0.026,0.045
P364r,V360r,V357r,False,False,5.0739,0.0545,0.0029,0.047,0.00285,0.026,0.045
P365r,V361r,V360r,False,False,2.4846,0.0431,0.0026,0.043,0.00285,0.026,0.045
P366r,V362r,V361r,False,False,23.5118,0.0431,0.0026,0.043,0.00285,0.026,0.045
P367r,V352r,V144r,False,False,10.3338,0.1325,0.0036,0.066,0.00415,0.026,0.045
P368r,V366r,V346r,False,False,13.2962,0.1071,0.0036,0.064,0.00385,0.026,0.045
P369r,V367r,V366r,False,False,3.4748,0.0285,0.0026,0.043,0.00265,0.026,0.045
P370r,V368r,V366r,False,False,19.6203,0.1071,0.0036,0.064,0.00385,0.026,0.045
P371r,V369r,V368r,False,False,74.1039,0.1071,0.0036,0.064,0.00385,0.026,0.045
P372r,V370r,V369r,False,False,17.7156,0.1071,0.0036,0.064,0.00385,0.026,0.045
P373r,V371r,V370r,False,False,9.7688,0.1603,0.004,0.068,0.00535,0.026,0.045
P374r,V372r,V371r,False,False,3.1673,0.1603,0.004,0.068,0.00535,0.026,0.045
P375r,V373r,V372r,False,False,19.0827,0.1603,0.004,0.068,0.00535,0.026,0.045
P376r,V374r,V373r,False,False,30.4563,0.1603,0.004,0.068,0.00535,0.026,0.045
P377r,V375r,V374r,False,False,27.2819,0.0703,0.0029,0.049,0.00295,0.026,0.045
P378r,V376r,V375r,False,False,0.6511,0.0703,0.0029,0.049,0.00295,0.026,0.045
P379r,V377r,V376r,False,False,59.8413,0.0545,0.0029,0.047,0.00285,0.026,0.045
P380r,V378r,V377r,False,False,0.6399,0.0545,0.0029,0.047,0.00285,0.026,0.045
P381r,V379r,V378r,False,False,13.994,0.0372,0.0026,0.046,0.0028,0.026,0.045
P382r,V380r,V377r,False,False,26.5333,0.0431,0.0026,0.043,0.00285,0.026,0.045
P383r,V381r,V374r,False,False,10.9421,0.1603,0.004,0.068,0.00535,0.026,0.045
P384r,V382r,V381r,False,False,45.8717,0.1603,0.004,0.068,0.00535,0.026,0.045
P385r,V386r,V382r,False,False,45.3204,0.0545,0.0029,0.047,0.00285,0.026,0.045
P386r,V387r,V386r,False,False,0.6199,0.0545,0.0029,0.047,0.00285,0.026,0.045
P387r,V388r,V387r,False,False,14.8313,0.0372,0.0026,0.046,0.0028,0.026,0.045
P388r,V382r,V383r,False,False,41.1246,0.1603,0.004,0.068,0.00535,0.026,0.045
P389r,V383r,V384r,False,False,1.1847,0.1603,0.004,0.068,0.00535,0.026,0.045
P390r,V384r,V385r,False,False,21.7095,0.1603,0.004,0.068,0.00535,0.026,0.045
P391r,V385r,V122r,False,False,7.5967,0.1603,0.004,0.068,0.00535,0.026,0.045
P392r,V389r,V149r,False,False,11.6416,0.0431,0.0026,0.043,0.00285,0.026,0.045
P393r,V390r,V389r,False,False,0.375,0.0431,0.0026,0.043,0.00285,0.026,0.045
P394r,V391r,V390r,False,False,2.6928,0.0431,0.0026,0.043,0.00285,0.026,0.045
P395r,V392r,V390r,False,False,3.9311,0.0431,0.0026,0.043,0.00285,0.026,0.045
P396r,V113r,V393r,False,False,19.2341,0.1603,0.004,0.068,0.00535,0.026,0.045
P397r,V393r,V394r,False,False,6.8753,0.1603,0.004,0.068,0.00535,0.026,0.045
P398r,V528r,V394r,False,False,16.5271,0.0545,0.0029,0.047,0.00285,0.026,0.045
P399r,V529r,V528r,False,False,16.0964,0.0545,0.0029,0.047,0.00285,0.026,0.045
P400r,V394r,V395r,False,False,17.3,0.1603,0.004,0.068,0.00535,0.026,0.045
P401r,V527r,V395r,False,False,18.6505,0.0431,0.0026,0.043,0.00285,0.026,0.045
P402r,V395r,V396r,False,False,29.4535,0.1603,0.004,0.068,0.00535,0.026,0.045
P403r,V396r,V397r,False,False,38.3808,0.1603,0.004,0.068,0.00535,0.026,0.045
P404r,V397r,V398r,False,False,8.4317,0.1603,0.004,0.068,0.00535,0.026,0.045
P405r,V465r,V398r,False,False,21.703,0.1603,0.004,0.068,0.00535,0.026,0.045
P406r,V466r,V465r,False,False,17.6409,0.1603,0.004,0.068,0.00535,0.026,0.045
P407r,V467r,V466r,False,False,1.2499,0.1603,0.004,0.068,0.00535,0.026,0.045
P408r,V468r,V467r,False,True,1.1178,0.1603,0.004,0.068,0.00535,0.026,0.045
P409r,V469r,V468r,False,True,1.6505,0.1603,0.004,0.068,0.00535,0.026,0.045
P410r,V470r,V469r,False,True,0.4043,0.1603,0.004,0.068,0.00535,0.026,0.045
P411r,V471r,V469r,False,True,1.7126,0.1603,0.004,0.068,0.00535,0.026,0.045
P412r,V472r,V466r,False,False,52.0722,0.1603,0.004,0.068,0.00535,0.026,0.045
P413r,V473r,V472r,False,False,12.178,0.1603,0.004,0.068,0.00535,0.026,0.045
P414r,V474r,V473r,False,False,32.6875,0.0545,0.0029,0.047,0.00285,0.026,0.045
P415r,V475r,V474r,False,False,72.2996,0.0545,0.0029,0.047,0.00285,0.026,0.045
P416r,V476r,V475r,False,False,4.1984,0.0372,0.0026,0.046,0.0028,0.026,0.045
P417r,V477r,V476r,False,True,2.6673,0.0372,0.0026,0.046,0.0028,0.026,0.045
P418r,V478r,V477r,False,True,0.8177,0.0372,0.0026,0.046,0.0028,0.026,0.045
P419r,V479r,V477r,False,True,1.599,0.0372,0.0026,0.046,0.0028,0.026,0.045
P420r,V480r,V479r,False,True,0.7873,0.0372,0.0026,0.046,0.0028,0.026,0.045
P421r,V481r,V473r,False,False,38.0884,0.1603,0.004,0.068,0.00535,0.026,0.045
P422r,V482r,V481r,False,False,34.3107,0.1603,0.004,0.068,0.00535,0.026,0.045
P423r,V483r,V482r,False,False,6.5147,0.0545,0.0029,0.047,0.00285,0.026,0.045
P424r,V484r,V483r,False,False,36.48,0.0545,0.0029,0.047,0.00285,0.026,0.045
P425r,V485r,V484r,False,False,9.7058,0.0545,0.0029,0.047,0.00285,0.026,0.045
P426r,V486r,V485r,False,False,4.6817,0.0285,0.0026,0.043,0.00265,0.026,0.045
P427r,V487r,V484r,False,False,2.6151,0.0372,0.0026,0.046,0.0028,0.026,0.045
P428r,V488r,V487r,False,True,2.4914,0.0372,0.0026,0.046,0.0028,0.026,0.045
P429r,V489r,V488r,False,True,0.4237,0.0372,0.0026,0.046,0.0028,0.026,0.045
P430r,V490r,V488r,False,True,1.3137,0.0372,0.0026,0.046,0.0028,0.026,0.045
P431r,V491r,V482r,False,False,21.7974,0.1603,0.004,0.068,0.00535,0.026,0.045
P432r,V492r,V491r,False,False,26.7148,0.1603,0.004,0.068,0.00535,0.026,0.045
P433r,V493r,V492r,False,False,39.2597,0.1603,0.004,0.068,0.00535,0.026,0.045
P434r,V494r,V493r,False,False,13.942,0.1603,0.004,0.068,0.00535,0.026,0.045
P435r,V495r,V494r,False,False,68.7333,0.1071,0.0036,0.064,0.00385,0.026,0.045
P436r,V496r,V495r,False,False,0.8303,0.1325,0.0036,0.066,0.00415,0.026,0.045
P437r,V497r,V496r,False,False,14.5175,0.0703,0.0029,0.049,0.00295,0.026,0.045
P438r,V498r,V497r,False,False,1.6819,0.0703,0.0029,0.049,0.00295,0.026,0.045
P439r,V499r,V498r,False,False,14.067,0.0703,0.0029,0.049,0.00295,0.026,0.045
P440r,V500r,V499r,False,False,11.4162,0.0703,0.0029,0.049,0.00295,0.026,0.045
P441r,V501r,V500r,False,False,1.1222,0.0703,0.0029,0.049,0.00295,0.026,0.045
P442r,V502r,V500r,False,False,1.7247,0.0703,0.0029,0.049,0.00295,0.026,0.045
P443r,V503r,V499r,False,False,1.9087,0.0545,0.0029,0.047,0.00285,0.026,0.045
P444r,V504r,V503r,False,False,0.1417,0.0545,0.0029,0.047,0.00285,0.026,0.045
P445r,V505r,V504r,False,False,0.7544,0.0431,0.0026,0.043,0.00285,0.026,0.045
P446r,V506r,V505r,False,False,19.9424,0.0372,0.0026,0.046,0.0028,0.026,0.045
P447r,V507r,V506r,False,False,5.7838,0.0285,0.0026,0.043,0.00265,0.026,0.045
P448r,V508r,V472r,False,False,21.2052,0.0545,0.0029,0.047,0.00285,0.026,0.045
P449r,V509r,V508r,False,False,1.0232,0.0545,0.0029,0.047,0.00285,0.026,0.045
P450r,V510r,V509r,False,False,5.442,0.0431,0.0026,0.043,0.00285,0.026,0.045
P451r,V511r,V510r,False,True,4.221,0.0431,0.0026,0.043,0.00285,0.026,0.045
P452r,V512r,V511r,False,True,4.9411,0.0431,0.0026,0.043,0.00285,0.026,0.045
P453r,V513r,V511r,False,True,1.1738,0.0431,0.0026,0.043,0.00285,0.026,0.045
P454r,V514r,V465r,False,False,29.1447,0.0825,0.0032,0.052,0.00355,0.026,0.045
P455r,V515r,V514r,False,False,5.051,0.0825,0.0032,0.052,0.00355,0.026,0.045
P456r,V516r,V515r,False,False,0.6279,0.0825,0.0032,0.052,0.00355,0.026,0.045
P457r,V517r,V516r,False,False,24.568,0.0703,0.0029,0.049,0.00295,0.026,0.045
P458r,V518r,V517r,False,False,18.6801,0.0703,0.0029,0.049,0.00295,0.026,0.045
P459r,V519r,V518r,False,False,0.6306,0.0703,0.0029,0.049,0.00295,0.026,0.045
P460r,V520r,V519r,False,False,34.9206,0.0545,0.0029,0.047,0.00285,0.026,0.045
P461r,V521r,V520r,False,False,39.1928,0.0431,0.0026,0.043,0.00285,0.026,0.045
P462r,V522r,V520r,False,False,0.5874,0.0545,0.0029,0.047,0.00285,0.026,0.045
P463r,V523r,V522r,False,False,35.6918,0.0372,0.0026,0.046,0.0028,0.026,0.045
P464r,V524r,V518r,False,False,10.2226,0.0545,0.0029,0.047,0.00285,0.026,0.045
P465r,V525r,V524r,False,False,3.2183,0.0431,0.0026,0.043,0.00285,0.026,0.045
P466r,V526r,V514r,False,False,2.0501,0.0372,0.0026,0.046,0.0028,0.026,0.045
P467r,V398r,V399r,False,False,6.1309,0.1603,0.004,0.068,0.00535,0.026,0.045
P468r,V399r,V400r,False,False,35.7014,0.1603,0.004,0.068,0.00535,0.026,0.045
P469r,V401r,V400r,False,False,1.0062,0.0703,0.0029,0.049,0.00295,0.026,0.045
P470r,V402r,V401r,False,False,6.3779,0.0825,0.0032,0.052,0.00355,0.026,0.045
P471r,V403r,V402r,False,False,62.7548,0.0825,0.0032,0.052,0.00355,0.026,0.045
P472r,V404r,V403r,False,False,6.998,0.0703,0.0029,0.049,0.00295,0.026,0.045
P473r,V405r,V404r,False,False,0.5999,0.0703,0.0029,0.049,0.00295,0.026,0.045
P474r,V406r,V405r,False,False,50.3145,0.0431,0.0026,0.043,0.00285,0.026,0.045
P475r,V407r,V406r,False,False,0.7201,0.0431,0.0026,0.043,0.00285,0.026,0.045
P476r,V400r,V408r,False,False,29.4877,0.1603,0.004,0.068,0.00535,0.026,0.045
P477r,V460r,V408r,False,False,13.0064,0.0703,0.0029,0.049,0.00295,0.026,0.045
P478r,V461r,V460r,False,False,22.1162,0.0703,0.0029,0.049,0.00295,0.026,0.045
P479r,V462r,V461r,False,False,10.1679,0.0703,0.0029,0.049,0.00295,0.026,0.045
P480r,V463r,V462r,False,False,25.9833,0.0372,0.0026,0.046,0.0028,0.026,0.045
P481r,V464r,V461r,False,False,14.9149,0.0285,0.0026,0.043,0.00265,0.026,0.045
P482r,V408r,V409r,False,False,26.5293,0.1603,0.004,0.068,0.00535,0.026,0.045
P483r,V410r,V409r,False,False,75.6502,0.1071,0.0036,0.064,0.00385,0.026,0.045
P484r,V411r,V410r,False,False,16.0665,0.1071,0.0036,0.064,0.00385,0.026,0.045
P485r,V412r,V411r,False,False,1.1132,0.1071,0.0036,0.064,0.00385,0.026,0.045
P486r,V413r,V412r,False,False,21.1327,0.0825,0.0032,0.052,0.00355,0.026,0.045
P487r,V414r,V413r,False,False,25.3373,0.0825,0.0032,0.052,0.00355,0.026,0.045
P488r,V415r,V414r,False,False,0.7613,0.0431,0.0026,0.043,0.00285,0.026,0.045
P489r,V416r,V415r,False,False,4.7017,0.0372,0.0026,0.046,0.0028,0.026,0.045
P490r,V417r,V414r,False,False,27.1576,0.0825,0.0032,0.052,0.00355,0.026,0.045
P491r,V418r,V417r,False,False,8.1342,0.0825,0.0032,0.052,0.00355,0.026,0.045
P492r,V419r,V418r,False,False,18.3855,0.0825,0.0032,0.052,0.00355,0.026,0.045
P493r,V420r,V419r,False,False,15.1218,0.0825,0.0032,0.052,0.00355,0.026,0.045
P494r,V421r,V420r,False,False,57.447,0.0825,0.0032,0.052,0.00355,0.026,0.045
P495r,V422r,V421r,False,False,0.5899,0.0825,0.0032,0.052,0.00355,0.026,0.045
P496r,V423r,V422r,False,False,39.6471,0.0703,0.0029,0.049,0.00295,0.026,0.045
P497r,V424r,V423r,False,False,32.7856,0.0703,0.0029,0.049,0.00295,0.026,0.045
P498r,V78r,V424r,False,False,1.0011,0.1071,0.0036,0.064,0.00385,0.026,0.045
P499r,V425r,V420r,False,False,6.528,0.0545,0.0029,0.047,0.00285,0.026,0.045
P500r,V426r,V418r,False,False,36.5943,0.0431,0.0026,0.043,0.00285,0.026,0.045
P501r,V427r,V413r,False,False,2.9302,0.0372,0.0026,0.046,0.0028,0.026,0.045
P502r,V428r,V427r,False,False,21.1225,0.0372,0.0026,0.046,0.0028,0.026,0.045
P503r,V429r,V411r,False,False,10.9659,0.0545,0.0029,0.047,0.00285,0.026,0.045
P504r,V430r,V429r,False,False,1.1905,0.0545,0.0029,0.047,0.00285,0.026,0.045
P505r,V431r,V429r,False,False,1.4011,0.0545,0.0029,0.047,0.00285,0.026,0.045
P506r,V409r,V432r,False,False,36.4265,0.1603,0.004,0.068,0.00535,0.026,0.045
P507r,V432r,V433r,False,False,7.7582,0.1603,0.004,0.068,0.00535,0.026,0.045
P508r,V433r,V434r,False,False,44.5165,0.1603,0.004,0.068,0.00535,0.026,0.045
P509r,V434r,V435r,False,False,31.9816,0.1603,0.004,0.068,0.00535,0.026,0.045
P510r,V435r,V436r,False,False,3.3675,0.1603,0.004,0.068,0.00535,0.026,0.045
P511r,V436r,V437r,False,False,18.0939,0.1603,0.004,0.068,0.00535,0.026,0.045
P512r,V438r,V437r,False,False,5.0585,0.0545,0.0029,0.047,0.00285,0.026,0.045
P513r,V437r,V439r,False,False,33.6109,0.1603,0.004,0.068,0.00535,0.026,0.045
P514r,V439r,V440r,False,False,65.5972,0.1603,0.004,0.068,0.00535,0.026,0.045
P515r,V455r,V440r,False,False,2.5074,0.1603,0.004,0.068,0.00535,0.026,0.045
P516r,V456r,V455r,False,False,11.1521,0.1071,0.0036,0.064,0.00385,0.026,0.045
P517r,V457r,V456r,False,False,1.9004,0.1071,0.0036,0.064,0.00385,0.026,0.045
P518r,V458r,V457r,False,False,5.9693,0.0825,0.0032,0.052,0.00355,0.026,0.045
P519r,V459r,V458r,False,False,6.7585,0.0285,0.0026,0.043,0.00265,0.026,0.045
P520r,V440r,V441r,False,False,16.9195,0.1603,0.004,0.068,0.00535,0.026,0.045
P521r,V441r,V442r,False,False,35.1714,0.1603,0.004,0.068,0.00535,0.026,0.045
P522r,V442r,V443r,False,False,24.6909,0.1603,0.004,0.068,0.00535,0.026,0.045
P523r,V454r,V443r,False,False,24.0549,0.0431,0.0026,0.043,0.00285,0.026,0.045
P524r,V443r,V444r,False,False,37.5844,0.1603,0.004,0.068,0.00535,0.026,0.045
P525r,V452r,V444r,False,False,18.9343,0.0431,0.0026,0.043,0.00285,0.026,0.045
P526r,V453r,V452r,False,False,0.8896,0.0431,0.0026,0.043,0.00285,0.026,0.045
P527r,V444r,V445r,False,False,22.2374,0.1603,0.004,0.068,0.00535,0.026,0.045
P528r,V445r,V446r,False,False,30.3188,0.1603,0.004,0.068,0.00535,0.026,0.045
P529r,V450r,V446r,False,False,1.9226,0.0285,0.0026,0.043,0.00265,0.026,0.045
P530r,V451r,V450r,False,False,3.4156,0.0372,0.0026,0.046,0.0028,0.026,0.045
P531r,V446r,V447r,False,False,21.6632,0.1603,0.004,0.068,0.00535,0.026,0.045
P532r,V447r,V448r,False,False,41.3981,0.1603,0.004,0.068,0.00535,0.026,0.045
P533r,V448r,V449r,False,False,8.9855,0.1603,0.004,0.068,0.00535,0.026,0.045
P534r,V449r,V56r,False,False,0.9311,0.2101,0.0045,0.084,0.00645,0.027,0.045
P535r,V530r,V106r,False,False,2.5565,0.0703,0.0029,0.049,0.00295,0.026,0.045
P536r,V531r,V530r,False,False,19.8928,0.0545,0.0029,0.047,0.00285,0.026,0.045
P537r,V532r,V531r,False,False,24.5568,0.0545,0.0029,0.047,0.00285,0.026,0.045
P538r,V533r,V94r,False,False,4.5015,0.1325,0.0036,0.066,0.00415,0.026,0.045
P539r,V534r,V533r,False,False,4.5879,0.1325,0.0036,0.066,0.00415,0.026,0.045
P540r,V535r,V534r,False,False,1.1699,0.1325,0.0036,0.066,0.00415,0.026,0.045
P541r,V536r,V535r,False,False,1.5398,0.1071,0.0036,0.064,0.00385,0.026,0.045
P542r,V537r,V536r,False,False,2.3056,0.0703,0.0029,0.049,0.00295,0.026,0.045
P543r,V538r,V93r,False,False,18.9523,0.0703,0.0029,0.049,0.00295,0.026,0.045
P544r,V539r,V538r,False,False,24.6708,0.0703,0.0029,0.049,0.00295,0.026,0.045
P545r,V540r,V87r,False,False,14.0985,0.1603,0.004,0.068,0.00535,0.026,0.045
P546r,V541r,V540r,False,False,5.9009,0.1603,0.004,0.068,0.00535,0.026,0.045
P547r,V542r,V541r,False,False,20.1211,0.1071,0.0036,0.064,0.00385,0.026,0.045
P548r,V543r,V54r,False,False,34.8135,0.1071,0.0036,0.064,0.00385,0.026,0.045
P549r,V544r,V543r,False,False,25.068,0.1071,0.0036,0.064,0.00385,0.026,0.045
P550r,V545r,V544r,False,False,1.3047,0.1071,0.0036,0.064,0.00385,0.026,0.045
P551r,V546r,V545r,False,False,24.0298,0.0703,0.0029,0.049,0.00295,0.026,0.045
P552r,V547r,V546r,False,False,0.7038,0.0703,0.0029,0.049,0.00295,0.026,0.045
P553r,V548r,V545r,False,False,23.6513,0.1071,0.0036,0.064,0.00385,0.026,0.045
P554r,V549r,V548r,False,False,16.4758,0.0825,0.0032,0.052,0.00355,0.026,0.045
P555r,V550r,V549r,False,False,2.7304,0.0825,0.0032,0.052,0.00355,0.026,0.045
P556r,V551r,V550r,False,False,25.4376,0.0825,0.0032,0.052,0.00355,0.026,0.045
P557r,V552r,V551r,False,False,4.9975,0.0825,0.0032,0.052,0.00355,0.026,0.045
P558r,V553r,V552r,False,False,55.9887,0.0825,0.0032,0.052,0.00355,0.026,0.045
P559r,V554r,V553r,False,False,2.2489,0.0285,0.0026,0.043,0.00265,0.026,0.045
P560r,V555r,V554r,False,False,28.4344,0.0285,0.0026,0.043,0.00265,0.026,0.045
P561r,V556r,V555r,False,False,0.5672,0.0285,0.0026,0.043,0.00265,0.026,0.045
P562r,V557r,V553r,False,False,20.869,0.0825,0.0032,0.052,0.00355,0.026,0.045
P563r,V558r,V557r,False,False,17.8155,0.0825,0.0032,0.052,0.00355,0.026,0.045
P564r,V559r,V558r,False,False,21.0302,0.0372,0.0026,0.046,0.0028,0.026,0.045
P565r,V560r,V558r,False,False,34.8393,0.0825,0.0032,0.052,0.00355,0.026,0.045
P566r,V561r,V560r,False,False,9.409,0.0285,0.0026,0.043,0.00265,0.026,0.045
P567r,V562r,V560r,False,False,16.8828,0.0825,0.0032,0.052,0.00355,0.026,0.045
P568r,V563r,V562r,False,False,17.3429,0.0825,0.0032,0.052,0.00355,0.026,0.045
P569r,V564r,V563r,False,False,8.9668,0.0825,0.0032,0.052,0.00355,0.026,0.045
P570r,V565r,V564r,False,False,97.7495,0.1603,0.004,0.068,0.00535,0.026,0.045
P571r,V566r,V565r,False,False,20.1863,0.1603,0.004,0.068,0.00535,0.026,0.045
P572r,V567r,V566r,False,False,28.305,0.0825,0.0032,0.052,0.00355,0.026,0.045
P573r,V568r,V567r,False,False,10.4851,0.0825,0.0032,0.052,0.00355,0.026,0.045
P574r,V569r,V568r,False,False,2.5689,0.0545,0.0029,0.047,0.00285,0.026,0.045
P575r,V570r,V569r,False,False,17.8825,0.0545,0.0029,0.047,0.00285,0.026,0.045
P576r,V571r,V570r,False,False,0.6891,0.0545,0.0029,0.047,0.00285,0.026,0.045
P577r,V572r,V571r,False,False,32.3856,0.0372,0.0026,0.046,0.0028,0.026,0.045
P578r,V573r,V568r,False,False,25.3393,0.0825,0.0032,0.052,0.00355,0.026,0.045
P579r,V574r,V573r,False,False,0.5999,0.0825,0.0032,0.052,0.00355,0.026,0.045
P580r,V575r,V574r,False,False,19.753,0.0703,0.0029,0.049,0.00295,0.026,0.045
P581r,V576r,V575r,False,False,0.7471,0.0703,0.0029,0.049,0.00295,0.026,0.045
P582r,V577r,V576r,False,False,32.5251,0.0545,0.0029,0.047,0.00285,0.026,0.045
P583r,V578r,V577r,False,False,4.783,0.0431,0.0026,0.043,0.00285,0.026,0.045
P584r,V579r,V578r,False,False,1.2217,0.0431,0.0026,0.043,0.00285,0.026,0.045
P585r,V580r,V579r,False,False,16.5879,0.0285,0.0026,0.043,0.00265,0.026,0.045
P586r,V581r,V578r,False,False,1.4699,0.0285,0.0026,0.043,0.00265,0.026,0.045
P587r,V582r,V581r,False,True,7.009,0.0285,0.0026,0.043,0.00265,0.026,0.045
P588r,V583r,V573r,False,False,2.3551,0.0703,0.0029,0.049,0.00295,0.026,0.045
P589r,V584r,V583r,False,False,34.3811,0.0703,0.0029,0.049,0.00295,0.026,0.045
P590r,V585r,V584r,False,False,8.9364,0.0703,0.0029,0.049,0.00295,0.026,0.045
P591r,V586r,V585r,False,False,31.8732,0.0703,0.0029,0.049,0.00295,0.026,0.045
P592r,V587r,V586r,False,False,3.497,0.0703,0.0029,0.049,0.00295,0.026,0.045
P593r,V588r,V587r,False,False,13.4857,0.0703,0.0029,0.049,0.00295,0.026,0.045
P594r,V589r,V588r,False,True,12.4092,0.0703,0.0029,0.049,0.00295,0.026,0.045
P595r,V590r,V589r,False,True,0.7323,0.0703,0.0029,0.049,0.00295,0.026,0.045
P596r,V591r,V563r,False,False,3.2204,0.0285,0.0026,0.043,0.00265,0.026,0.045
P597r,V592r,V544r,False,False,5.2102,0.0431,0.0026,0.043,0.00285,0.026,0.045
P598r,V593r,V543r,False,False,1.4683,0.0431,0.0026,0.043,0.00285,0.026,0.045
P599r,V594r,V593r,False,False,0.3988,0.0431,0.0026,0.043,0.00285,0.026,0.045
P600r,V595r,V593r,False,False,0.7818,0.0431,0.0026,0.043,0.00285,0.026,0.045
P601r,V596r,V51r,False,False,9.4467,0.0825,0.0032,0.052,0.00355,0.026,0.045
P602r,V597r,V596r,False,False,6.6701,0.0703,0.0029,0.049,0.00295,0.026,0.045
P603r,V598r,V597r,False,False,7.9452,0.0545,0.0029,0.047,0.00285,0.026,0.045
P604r,V599r,V598r,False,True,27.3277,0.0545,0.0029,0.047,0.00285,0.026,0.045
P605r,V600r,V599r,False,False,46.0043,0.0372,0.0026,0.046,0.0028,0.026,0.045
P606r,V601r,V599r,False,True,5.93,0.0545,0.0029,0.047,0.00285,0.026,0.045
P607r,V602r,V601r,False,True,10.1321,0.0372,0.0026,0.046,0.0028,0.026,0.045
P608r,V603r,V601r,False,True,17.598,0.0545,0.0029,0.047,0.00285,0.026,0.045
P609r,V604r,V603r,False,False,20.4851,0.0545,0.0029,0.047,0.00285,0.026,0.045
P610r,V605r,V604r,False,False,10.2738,0.0545,0.0029,0.047,0.00285,0.026,0.045
P611r,V606r,V605r,False,False,5.1844,0.0545,0.0029,0.047,0.00285,0.026,0.045
P612r,V607r,V604r,False,False,3.4833,0.0285,0.0026,0.043,0.00265,0.026,0.045
P613r,V608r,V47r,False,False,18.705,0.0285,0.0026,0.043,0.00265,0.026,0.045
P614r,V609r,V46r,False,False,17.6041,0.0545,0.0029,0.047,0.00285,0.026,0.045
P615r,V610r,V609r,False,False,25.7704,0.0545,0.0029,0.047,0.00285,0.026,0.045
P616r,V611r,V610r,False,False,0.7273,0.0431,0.0026,0.043,0.00285,0.026,0.045
P617r,V612r,V611r,False,False,0.05,0.0372,0.0026,0.046,0.0028,0.026,0.045
P618r,V613r,V612r,False,False,22.9333,0.0285,0.0026,0.043,0.00265,0.026,0.045
P619r,V614r,V45r,False,False,9.4567,0.2101,0.0045,0.084,0.00645,0.027,0.045
P620r,V615r,V614r,False,False,13.208,0.0285,0.0026,0.043,0.00265,0.026,0.045
P621r,V616r,V615r,False,False,1.593,0.0285,0.0026,0.043,0.00265,0.026,0.045
P622r,V617r,V614r,False,False,79.2424,0.2101,0.0045,0.084,0.00645,0.027,0.045
P623r,V618r,V617r,False,False,8.7327,0.2101,0.0045,0.084,0.00645,0.027,0.045
P624r,V619r,V618r,False,False,20.7062,0.2101,0.0045,0.084,0.00645,0.027,0.045
P625r,V620r,V619r,False,False,7.273,0.0285,0.0026,0.043,0.00265,0.026,0.045
P626r,V621r,V619r,False,False,12.6641,0.2101,0.0045,0.084,0.00645,0.027,0.045
P627r,V622r,V621r,False,False,42.8223,0.2101,0.0045,0.084,0.00645,0.027,0.045
P628r,V623r,V622r,False,False,4.9034,0.0285,0.0026,0.043,0.00265,0.026,0.045
P629r,V624r,V622r,False,False,11.2889,0.2101,0.0045,0.084,0.00645,0.027,0.045
P630r,V625r,V624r,False,False,49.5064,0.2101,0.0045,0.084,0.00645,0.027,0.045
P631r,V626r,V625r,False,False,3.1678,0.2101,0.0045,0.084,0.00645,0.027,0.045
P632r,V627r,V626r,False,False,48.6568,0.2101,0.0045,0.084,0.00645,0.027,0.045
P633r,V628r,V627r,False,False,0.7975,0.263,0.005,0.107,0.0065,0.027,0.045
P634r,V629r,V628r,False,False,59.0555,0.2101,0.0045,0.084,0.00645,0.027,0.045
P635r,V630r,V629r,False,False,126.261,0.2101,0.0045,0.084,0.00645,0.027,0.045
P636r,V631r,V630r,False,False,46.5911,0.2101,0.0045,0.084,0.00645,0.027,0.045
P637r,V632r,V631r,False,False,22.1592,0.2101,0.0045,0.084,0.00645,0.027,0.045
P638r,V633r,V632r,False,False,35.0295,0.2101,0.0045,0.084,0.00645,0.027,0.045
P639r,V634r,V633r,False,False,0.7403,0.0703,0.0029,0.049,0.00295,0.026,0.045
P640r,V635r,V634r,False,False,0.1723,0.0545,0.0029,0.047,0.00285,0.026,0.045
P641r,V636r,V635r,False,False,3.6113,0.0431,0.0026,0.043,0.00285,0.026,0.045
P642r,V637r,V636r,False,False,20.1327,0.0431,0.0026,0.043,0.00285,0.026,0.045
P643r,V638r,V637r,False,False,1.6998,0.0431,0.0026,0.043,0.00285,0.026,0.045
P644r,V639r,V638r,False,False,0.6864,0.0431,0.0026,0.043,0.00285,0.026,0.045
P645r,V640r,V638r,False,False,0.748,0.0431,0.0026,0.043,0.00285,0.026,0.045
P646r,V641r,V630r,False,False,8.9536,0.0545,0.0029,0.047,0.00285,0.026,0.045
P647r,V642r,V641r,False,False,17.7119,0.0545,0.0029,0.047,0.00285,0.026,0.045
P648r,V643r,V642r,False,False,18.0856,0.0545,0.0029,0.047,0.00285,0.026,0.045
P649r,V644r,V643r,False,False,0.6116,0.0545,0.0029,0.047,0.00285,0.026,0.045
P650r,V645r,V644r,False,False,24.0988,0.0285,0.0026,0.043,0.00265,0.026,0.045
P651r,V646r,V643r,False,False,54.6713,0.0545,0.0029,0.047,0.00285,0.026,0.045
P652r,V647r,V646r,False,False,15.4171,0.0545,0.0029,0.047,0.00285,0.026,0.045
P653r,V648r,V642r,False,False,2.2874,0.0285,0.0026,0.043,0.00265,0.026,0.045
P654r,V649r,V641r,False,False,0.5578,0.0545,0.0029,0.047,0.00285,0.026,0.045
P655r,V650r,V649r,False,False,2.8347,0.0372,0.0026,0.046,0.0028,0.026,0.045
P656r,V651r,V650r,False,False,0.4691,0.0372,0.0026,0.046,0.0028,0.026,0.045
P657r,V652r,V651r,False,False,0.3857,0.0372,0.0026,0.046,0.0028,0.026,0.045
P658r,V653r,V629r,False,False,6.7021,0.0285,0.0026,0.043,0.00265,0.026,0.045
P659r,V654r,V627r,False,False,25.7704,0.263,0.005,0.107,0.0065,0.027,0.045
P660r,V655r,V654r,False,False,14.4729,0.0372,0.0026,0.046,0.0028,0.026,0.045
P661r,V656r,V625r,False,False,30.309,0.0545,0.0029,0.047,0.00285,0.026,0.045
P662r,V657r,V656r,False,False,2.0652,0.0545,0.0029,0.047,0.00285,0.026,0.045
P663r,V658r,V657r,False,False,0.5751,0.0545,0.0029,0.047,0.00285,0.026,0.045
P664r,V659r,V658r,False,False,19.1807,0.0431,0.0026,0.043,0.00285,0.026,0.045
P665r,V660r,V659r,False,False,3.3202,0.0285,0.0026,0.043,0.00265,0.026,0.045
P666r,V661r,V659r,False,False,17.274,0.0431,0.0026,0.043,0.00285,0.026,0.045
P667r,V662r,V661r,False,False,0.5079,0.0431,0.0026,0.043,0.00285,0.026,0.045
P668r,V663r,V662r,False,False,18.4188,0.0285,0.0026,0.043,0.00265,0.026,0.045
P669r,V664r,V618r,False,False,23.0405,0.1603,0.004,0.068,0.00535,0.026,0.045
P670r,V665r,V664r,False,False,46.8459,0.1603,0.004,0.068,0.00535,0.026,0.045
P671r,V666r,V665r,False,False,33.7051,0.0372,0.0026,0.046,0.0028,0.026,0.045
P672r,V667r,V666r,False,False,1.9307,0.0372,0.0026,0.046,0.0028,0.026,0.045
P673r,V668r,V666r,False,False,1.9574,0.0372,0.0026,0.046,0.0028,0.026,0.045
P674r,V669r,V617r,False,False,20.2314,0.0703,0.0029,0.049,0.00295,0.026,0.045
P675r,V670r,V669r,False,False,12.7202,0.0285,0.0026,0.043,0.00265,0.026,0.045
P676r,V671r,V669r,False,False,4.7427,0.0703,0.0029,0.049,0.00295,0.026,0.045
P677r,V672r,V671r,False,True,0.3,0.0703,0.0029,0.049,0.00295,0.026,0.045
P678r,V673r,V672r,False,True,4.3195,0.0703,0.0029,0.049,0.00295,0.026,0.045
P679r,V674r,V673r,False,True,6.7192,0.0703,0.0029,0.049,0.00295,0.026,0.045
P680r,V675r,V674r,False,True,34.1362,0.0703,0.0029,0.049,0.00295,0.026,0.045
